KLVL78R1508,2016-04-25,10,0.023163135570584473,0.333333333333333,0.0007721045190194817,0.822222222222222,0.001904524480248056
KLVL78R1508,2016-04-26,10,0.46088887465436806,0.25,0.011522221866359202,0.470588235294118,0.0216888882190291
KLVL78R1508,2016-04-27,10,0.36492170692810744,0.333333333333333,0.012164056897603569,0.911111111111111,0.033248422186783116
KLVL78R1508,2016-04-28,10,-0.04020782775099158,0.333333333333333,-0.0013402609250330515,0.822222222222222,-0.0033059769484148627
KLVL78R1508,2016-04-29,10,-0.210233936834922,0.25,-0.00525584842087305,0.470588235294118,-0.009893361733408101
KLVL78R1508,2016-05-02,10,0.03301599512773662,0.333333333333333,0.0011005331709245528,0.822222222222222,0.0027146484882805658
KLVL78R1508,2016-05-03,10,0.2807193569847207,0.333333333333333,0.00935731189949068,2.56,0.0718641553880885
KLVL78R1508,2016-05-04,10,0.591498676773287,0.333333333333333,0.019716622559109546,2.56,0.1514236612539615
KLVL78R1508,2016-05-09,10,-0.9886110067825818,1.33333333333333,-0.13181480090434392,3.16,-0.3124010781432959
KLVL78R1508,2016-05-10,10,0.33242671501964355,4.0,0.1329706860078574,4.56,0.15158658204895745
KLVL78R1508,2016-05-11,10,-0.2574719800747199,4.0,-0.10298879202988795,6.12,-0.15757285180572858
KLVL78R1508,2016-05-12,10,0.15079855289861457,1.33333333333333,0.020106473719815228,3.16,0.047652342715962206
KLVL78R1508,2016-05-13,10,-0.1875173616898341,4.0,-0.07500694467593363,6.12,-0.11476062535417848
KLVL78R1508,2016-05-16,10,0.29577197255804605,4.0,0.11830878902321842,4.56,0.13487201948646899
KLVL78R1508,2016-05-17,10,0.46923546721448,4.0,0.187694186885792,6.12,0.28717210593526177
KLVL78R1508,2016-05-18,10,1.076455583897083,0.666666666666667,0.07176370559313891,3.95833333333333,0.4260970019592617
KLVL78R1508,2016-05-19,10,0.8870810937657143,4.0,0.35483243750628574,4.56,0.4045089787571657
KLVL78R1508,2016-05-20,10,-0.02448144255766358,0.333333333333333,-0.0008160480852554518,3.92,-0.009596725482604124
KLVL78R1508,2016-05-23,10,0.41072151045178695,4.0,0.16428860418071478,4.56,0.18728900876601484
KLVL78R1508,2016-05-24,10,0.8228414811255855,1.33333333333333,0.10971219748341113,3.16,0.26001790803568503
KLVL78R1508,2016-05-25,10,0.0712506604272021,0.333333333333333,0.0023750220142400675,0.822222222222222,0.005858387635125504
KLVL78R1508,2016-05-26,10,0.18823167301711957,1.0,0.018823167301711956,0.866666666666667,0.016313411661483705
KLVL78R1508,2016-05-27,10,-0.9895736204119691,1.0,-0.0989573620411969,0.866666666666667,-0.08576304710237068
KLVL78R1508,2016-05-30,10,0.9905215779719353,1.0,0.09905215779719354,0.866666666666667,0.08584520342423443
KLVL78R1508,2016-05-31,10,0.8322532825074123,1.0,0.08322532825074122,0.866666666666667,0.07212861781730909
KLVL78R1508,2016-06-01,10,-0.2060808305524658,1.0,-0.020608083055246577,0.866666666666667,-0.017860338647880374
KLVL78R1508,2016-06-02,10,0.6121811053225198,0.333333333333333,0.020406036844083972,1.15555555555556,0.07074092772615811
KLVL78R1508,2016-06-03,10,0.3982112068965517,0.666666666666667,0.026547413793103457,0.933333333333333,0.03716637931034482
KLVL78R1508,2016-06-07,10,1.1632145280641097,0.666666666666667,0.07754763520427402,0.933333333333333,0.10856668928598354
KLVL78R1508,2016-06-08,10,0.18340020982273228,0.666666666666667,0.012226680654848825,0.933333333333333,0.01711735291678834
KLVL78R1508,2016-06-09,10,0.8267483101734565,0.666666666666667,0.05511655401156379,0.933333333333333,0.07716317561618925
KLVL78R1508,2016-06-10,10,0.8569234928359016,0.666666666666667,0.0571282328557268,0.933333333333333,0.07997952599801746
KLVL78R1508,2016-06-13,10,0.14723205051439772,0.666666666666667,0.009815470034293186,3.6,0.053003538185183184
KLVL78R1508,2016-06-14,10,1.1175728187585108,1.33333333333333,0.14900970916780104,5.12,0.5721972832043576
KLVL78R1508,2016-06-15,10,0.23560519666375992,4.0,0.09424207866550396,6.52,0.15361458822477145
KLVL78R1508,2016-06-16,10,0.47024634204034743,6.0,0.28214780522420846,4.64,0.2181943027067212
KLVL78R1508,2016-06-17,10,-0.20475660858526282,4.0,-0.08190264343410512,6.08,-0.1244920180198398
KLVL78R1508,2016-06-20,10,-0.010647268475315556,6.0,-0.006388361085189334,4.64,-0.004940332572546417
KLVL78R1508,2016-06-21,10,0.1900275272474991,4.0,0.07601101089899964,6.52,0.1238979477653694
KLVL78R1508,2016-06-22,10,0.09769327647539723,1.33333333333333,0.013025770196719596,5.12,0.050018957555403386
KLVL78R1508,2016-06-23,10,0.005864651745118316,1.33333333333333,0.0007819535660157735,4.64,0.0027211984097348985
KLVL78R1508,2016-06-24,10,0.3327557086139201,1.33333333333333,0.044367427815189237,4.64,0.1543986487968589
KLVL78R1508,2016-06-27,10,-0.2648989898989899,1.33333333333333,-0.03531986531986523,4.64,-0.12291313131313131
KLVL78R1508,2016-06-28,10,0.4065813903158568,8.0,0.32526511225268545,4.29411764705882,0.1745908323121031
KLVL78R1508,2016-06-29,10,0.7788794204379222,10.0,0.7788794204379222,10,0.7788794204379222
KLVL78R1508,2016-06-30,10,0.27806241798368225,10.0,0.27806241798368225,10,0.27806241798368225
KLVL78R1508,2016-07-01,10,0.5981937750551778,2.0,0.11963875501103556,4.72,0.28234746182604387
KLVL78R1508,2016-07-04,10,0.26449840183928675,4.0,0.10579936073571469,6.08,0.16081502831828634
KLVL78R1508,2016-07-05,10,0.3713663521134625,4.0,0.148546540845385,6.52,0.2421308615779775
KLVL78R1508,2016-07-06,10,-0.007723955472349569,4.0,-0.0030895821889398278,6.08,-0.004696164927188539
KLVL78R1508,2016-07-07,10,0.46921393170244863,8.0,0.3753711453619589,2.28125,0.10703942816962109
KLVL78R1508,2016-07-08,10,0.036681132465385465,10.0,0.036681132465385465,10,0.036681132465385465
KLVL78R1508,2016-07-11,10,0.41817556727022687,10.0,0.41817556727022687,10,0.41817556727022687
KLVL78R1508,2016-07-12,10,0.5524968859698788,8.0,0.44199750877590305,2.28125,0.12603835211187858
KLVL78R1508,2016-07-13,10,-0.9882805490759016,4.0,-0.3953122196303606,6.08,-0.6008745738381481
KLVL78R1508,2016-07-14,10,0.5400235367261746,4.0,0.21600941469046986,8.08,0.43633901767474914
KLVL78R1508,2016-07-15,10,-0.08768814101141056,4.0,-0.03507525640456423,8.08,-0.07085201793721974
KLVL78R1508,2016-07-18,10,0.06713745882404779,1.33333333333333,0.008951661176539682,4.64,0.03115178089435817
KLVL78R1508,2016-07-19,10,0.1428587124916222,1.33333333333333,0.019047828332216243,4.64,0.06628644259611269
KLVL78R1508,2016-07-20,10,-0.0813328042677953,1.33333333333333,-0.010844373902372677,4.64,-0.03773842118025701
KLVL78R1508,2016-07-21,10,1.0083059410090671,1.33333333333333,0.13444079213454194,4.64,0.46785395662820706
KLVL78R1508,2016-07-22,10,0.8983574921602596,1.33333333333333,0.11978099895470098,4.64,0.4168378763623604
KLVL78R1508,2016-07-25,10,0.8627183975576811,1.33333333333333,0.11502911967435718,4.64,0.400301336466764
KLVL78R1508,2016-07-26,10,0.31612676674567636,1.33333333333333,0.04215023556609007,4.64,0.1466828197699938
KLVL78R1508,2016-07-27,10,0.4491475215588176,1.33333333333333,0.05988633620784219,4.64,0.20840445000329133
KLVL78R1508,2016-07-28,10,0.05249513933895006,1.33333333333333,0.0069993519118599894,4.64,0.024357744653272825
KLVL78R1508,2016-07-29,10,0.2566929306433761,1.33333333333333,0.03422572408578339,4.64,0.1191055198185265
KLVL78R1508,2016-08-01,10,0.1862121960590591,1.33333333333333,0.02482829280787448,4.64,0.0864024589714034
KLVL78R1508,2016-08-02,10,-0.1873053471948063,1.33333333333333,-0.024974046292640776,4.64,-0.08690968109839012
KLVL78R1508,2016-08-03,10,0.9693328353946532,1.33333333333333,0.1292443780526201,4.64,0.4497704356231191
KLVL78R1508,2016-08-04,10,0.9125641850303318,0.333333333333333,0.03041880616767769,6.04166666666667,0.5513408617891591
KLVL78R1508,2016-08-05,10,-0.07468162220276425,0.333333333333333,-0.0024893874067588055,6.04166666666667,-0.04512014674750343
KLVL78R1508,2016-08-08,10,0.5023799554860177,1.33333333333333,0.06698399406480218,4.64,0.2331042993455122
KLVL78R1508,2016-08-09,10,0.6809218809875731,1.33333333333333,0.09078958413167618,4.64,0.3159477527782339
KLVL78R1508,2016-08-10,10,-0.14739036020994964,1.33333333333333,-0.019652048027993235,4.64,-0.06838912713741663
KLVL78R1508,2016-08-11,10,0.43340463187153244,0.666666666666667,0.02889364212476884,1.69047619047619,0.07326602110209238
KLVL78R1508,2016-08-12,10,0.15236387349201166,0.666666666666667,0.010157591566134116,1.69047619047619,0.025756750042697202
KLVL78R1508,2016-08-16,10,0.7622735100126715,0.333333333333333,0.02540911700042236,1.02272727272727,0.07795979079675029
KLVL78R1508,2016-08-17,10,0.3881163905511129,0.666666666666667,0.025874426036740873,0.933333333333333,0.03622419645143719
KLVL78R1508,2016-08-18,10,0.9143423474444287,0.666666666666667,0.060956156496295266,4.4,0.40231063287554863
KLVL78R1508,2016-08-19,10,0.10505887626690578,1.33333333333333,0.014007850168920736,4.64,0.04874731858784428
KLVL78R1508,2016-08-22,10,0.09046404117057005,0.666666666666667,0.006030936078038006,4.4,0.039804178115050826
KLVL78R1508,2016-08-23,10,0.06478661033048382,1.33333333333333,0.008638214710731153,4.64,0.03006098719334449
KLVL78R1508,2016-08-24,10,-0.13719924894109423,1.33333333333333,-0.01829323319214585,4.64,-0.06366045150866771
KLVL78R1508,2016-08-25,10,0.4697637469665807,0.666666666666667,0.03131758313110539,3.6,0.16911494890796905
KLVL78R1508,2016-08-26,10,0.7235143242185801,0.666666666666667,0.0482342882812387,1.69047619047619,0.12230837385599802
KLVL78R1508,2016-08-29,10,0.048250536661908414,0.666666666666667,0.003216702444127229,4.4,0.021230236131239706
KLVL78R1508,2016-08-30,10,0.5272567313645201,0.666666666666667,0.03515044875763469,1.69047619047619,0.08913149506400218
KLVL78R1508,2016-08-31,10,0.1624519324773513,0.666666666666667,0.010830128831823424,1.69047619047619,0.02746211239498081
KLVL78R1508,2016-09-01,10,1.3494328338804567,0.333333333333333,0.044981094462681843,1.02272727272727,0.1380101761923191
KLVL78R1508,2016-09-02,10,0.7638124850514231,0.666666666666667,0.050920832336761555,1.69047619047619,0.12912068199678814
KLVL78R1508,2016-09-05,10,0.19086153076429466,0.666666666666667,0.012724102050952982,3.6,0.06871015107514608
KLVL78R1508,2016-09-06,10,0.0199541185127472,0.666666666666667,0.0013302745675164806,0.933333333333333,0.0018623843945230715
KLVL78R1508,2016-09-07,10,0.122444783516757,0.666666666666667,0.008162985567783804,0.933333333333333,0.011428179794897315
KLVL78R1508,2016-09-08,10,0.8422265997056022,0.666666666666667,0.05614843998037351,0.933333333333333,0.07860781597252284
KLVL78R1508,2016-09-09,10,0.08712988977739355,0.666666666666667,0.005808659318492906,0.933333333333333,0.008132123045890062
KLVL78R1508,2016-09-12,10,0.08990427210061158,0.666666666666667,0.005993618140040775,0.933333333333333,0.008391065396057077
KLVL78R1508,2016-09-13,10,0.21746042115807598,0.666666666666667,0.014497361410538406,4.4,0.09568258530955344
KLVL78R1508,2016-09-19,10,0.741641005481666,1.33333333333333,0.09888546739755522,4.64,0.344121426543493
KLVL78R1508,2016-09-20,10,0.5098077979132346,1.33333333333333,0.06797437305509776,4.64,0.23655081823174084
KLVL78R1508,2016-09-21,10,0.14487145855194133,1.33333333333333,0.01931619447359213,4.64,0.06722035676810077
KLVL78R1508,2016-09-22,10,0.24674601441362748,1.33333333333333,0.03289946858848358,4.64,0.11449015068792315
KLVL78R1508,2016-09-23,10,0.49537621306410207,0.666666666666667,0.03302508087094015,3.6,0.17833543670307675
KLVL78R1508,2016-09-26,10,0.1558329560399285,0.666666666666667,0.010388863735995239,0.933333333333333,0.01454440923039332
KLVL78R1508,2016-09-27,10,0.13004900585047832,0.666666666666667,0.008669933723365225,0.933333333333333,0.012137907212711307
KLVL78R1508,2016-09-28,10,0.354356157802212,0.333333333333333,0.011811871926740389,4.8,0.17009095574506178
KLVL78R1508,2016-09-29,10,0.8821853820380455,0.333333333333333,0.02940617940126815,4.8,0.4234489833782618
KLVL78R1508,2016-09-30,10,-0.002435259072427224,0.666666666666667,-0.00016235060482848167,1.69047619047619,-0.00041167474795793534
KLVL78R1508,2016-10-04,10,0.15250986290023752,0.333333333333333,0.005083662096674579,4.68,0.07137461583731115
KLVL78R1508,2016-10-05,10,0.05830598650284009,0.333333333333333,0.001943532883428001,4.68,0.02728720168332916
KLVL78R1508,2016-10-06,10,0.06710394639516157,0.666666666666667,0.0044735964263441065,3.6,0.024157420702258164
KLVL78R1508,2016-10-07,10,0.03130323448672463,0.666666666666667,0.0020868822991149767,1.69047619047619,0.0052917372584701155
KLVL78R1508,2016-10-10,10,0.2503422796914051,0.666666666666667,0.016689485312760346,1.69047619047619,0.04231976632878513
KLVL78R1508,2016-10-11,10,0.1879377389523673,0.333333333333333,0.006264591298412237,4.68,0.08795486182970788
KLVL78R1508,2016-10-12,10,0.058714220512486114,0.666666666666667,0.003914281367499077,1.69047619047619,0.00992549918187265
KLVL78R1508,2016-10-13,10,0.40238305480153946,0.333333333333333,0.013412768493384635,4.68,0.18831526964712048
KLVL78R1508,2016-10-14,10,0.6719304956013334,0.333333333333333,0.02239768318671109,5.0,0.3359652478006667
KLVL78R1508,2016-10-17,10,-0.11891613525299671,1.33333333333333,-0.015855484700399523,4.64,-0.05517708675739047
KLVL78R1508,2016-10-18,10,0.06694032207136093,0.666666666666667,0.004462688138090731,4.4,0.029453741711398813
KLVL78R1508,2016-10-19,10,1.0781248296538568,0.333333333333333,0.03593749432179519,4.68,0.504562420278005
KLVL78R1508,2016-10-20,10,0.15074291544113655,0.666666666666667,0.010049527696075774,1.69047619047619,0.025482730943620698
KLVL78R1508,2016-10-21,10,1.3432881073296448,0.333333333333333,0.044776270244321445,1.02272727272727,0.1373817382496224
KLVL78R1508,2016-10-24,10,0.3903825820512268,0.666666666666667,0.026025505470081794,0.933333333333333,0.036435707658114484
KLVL78R1508,2016-10-25,10,0.7402424203314727,0.333333333333333,0.024674747344382398,1.17777777777778,0.08718410728348472
KLVL78R1508,2016-10-26,10,0.6051232013038537,0.333333333333333,0.0201707733767951,1.15555555555556,0.06992534770622336
KLVL78R1508,2016-10-27,10,-0.016967342426941635,0.333333333333333,-0.0005655780808980538,1.15555555555556,-0.001960670680446597
KLVL78R1508,2016-10-28,10,1.3302155260360176,0.333333333333333,0.04434051753453387,1.15555555555556,0.1537137941197182
KLVL78R1508,2016-10-31,10,0.023542540748768746,0.333333333333333,0.0007847513582922907,1.15555555555556,0.002720471375413288
KLVL78R1508,2016-11-01,10,-0.05065708308748595,0.333333333333333,-0.0016885694362495298,1.15555555555556,-0.005853707378998399
KLVL78R1508,2016-11-02,10,0.07686110215920085,0.333333333333333,0.0025620367386400256,1.15555555555556,0.0088817273606188
KLVL78R1508,2016-11-03,10,0.08485019417265097,0.666666666666667,0.005656679611510067,1.69047619047619,0.014343723300614803
KLVL78R1508,2016-11-04,10,0.5464326718058061,0.333333333333333,0.01821442239352685,5.04,0.2754020665901263
KLVL78R1508,2016-11-07,10,-0.42898607870841954,0.333333333333333,-0.014299535956947305,5.04,-0.21620898366904345
KLVL78R1508,2016-11-08,10,0.25491850893825974,1.0,0.025491850893825975,5.0,0.12745925446912987
KLVL78R1508,2016-11-09,10,0.4942119323241318,0.666666666666667,0.03294746215494214,1.69047619047619,0.08354535046431749
KLVL78R1508,2016-11-10,10,0.689986401958118,0.666666666666667,0.045999093463874555,3.6,0.2483951047049225
KLVL78R1508,2016-11-11,10,0.35135719692873346,0.666666666666667,0.02342381312858224,0.933333333333333,0.032793338380015115
KLVL78R1508,2016-11-14,10,0.23791942312064865,0.333333333333333,0.007930647437354946,1.06666666666667,0.025378071799535933
KLVL78R1508,2016-11-15,10,0.31910097677305527,0.333333333333333,0.010636699225768497,5.0,0.15955048838652763
KLVL78R1508,2016-11-16,10,0.3425384331035682,0.666666666666667,0.022835895540237888,1.69047619047619,0.05790530654846032
KLVL78R1508,2016-11-17,10,0.11446934167100914,0.666666666666667,0.007631289444733946,1.69047619047619,0.019350769663432493
KLVL78R1508,2016-11-18,10,-0.11206399930435541,0.666666666666667,-0.007470933286957031,1.69047619047619,-0.018944152263355316
KLVL78R1508,2016-11-21,10,0.042532650670369286,0.666666666666667,0.002835510044691287,1.69047619047619,0.007190043327610043
KLVL78R1508,2016-11-22,10,0.254548612618872,0.666666666666667,0.01696990750792481,1.69047619047619,0.04303083689509502
KLVL78R1508,2016-11-23,10,0.027650218775722362,0.333333333333333,0.0009216739591907444,1.27272727272727,0.003519118753273748
KLVL78R1508,2016-11-24,10,0.24488096139493137,0.333333333333333,0.00816269871316437,1.06666666666667,0.02612063588212609
KLVL78R1508,2016-11-25,10,-0.9884557851150085,0.666666666666667,-0.0658970523410006,1.69047619047619,-0.1670960970075371
KLVL78R1508,2016-11-28,10,0.374177417958265,0.333333333333333,0.01247258059860882,1.06666666666667,0.03991225791554839
KLVL78R1508,2016-11-29,10,0.7570333311675653,0.333333333333333,0.02523444437225215,1.27272727272727,0.09634969669405356
KLVL78R1508,2016-11-30,10,0.1358814962940423,0.666666666666667,0.009058766419602824,1.69047619047619,0.022970443421135717
KLVL78R1508,2016-12-01,10,0.15683894530360998,0.333333333333333,0.005227964843453661,1.0952380952381,0.017177598771347835
KLVL78R1508,2016-12-02,10,0.21739083289055638,0.666666666666667,0.014492722192703766,1.69047619047619,0.03674940270292738
KLVL78R1508,2016-12-05,10,0.9634801522566613,0.666666666666667,0.06423201015044412,1.69047619047619,0.16287402573862603
KLVL78R1508,2016-12-06,10,0.9678899582547658,0.333333333333333,0.03226299860849216,5.52,0.5342752569566307
KLVL78R1508,2016-12-07,10,0.23688806447763783,0.666666666666667,0.01579253763184253,1.69047619047619,0.040045363280743526
KLVL78R1508,2016-12-08,10,-0.1393398385216528,0.666666666666667,-0.00928932256811019,0.933333333333333,-0.013005051595354256
KLVL78R1508,2016-12-09,10,0.17594444086090863,0.333333333333333,0.005864814695363615,1.17777777777778,0.020722345256951498
KLVL78R1508,2016-12-12,10,0.15862675867397855,0.333333333333333,0.005287558622465946,1.15555555555556,0.018330203224548706
KLVL78R1508,2016-12-13,10,-0.054817471995188514,0.333333333333333,-0.001827249066506282,1.15555555555556,-0.006334463430555143
KLVL78R1508,2016-12-14,10,0.15113106618831773,0.333333333333333,0.005037702206277252,1.15555555555556,0.01746403431509456
KLVL78R1508,2016-12-15,10,-0.050749823003153824,0.333333333333333,-0.0016916607667717923,1.15555555555556,-0.005864423991475576
KLVL78R1508,2016-12-16,10,0.3369043380694998,0.666666666666667,0.022460289204633332,0.933333333333333,0.031444404886486636
KLVL78R1508,2016-12-19,10,1.320432353289481,0.666666666666667,0.08802882355263211,0.933333333333333,0.12324035297368485
KLVL78R1508,2016-12-20,10,-0.16316679775462484,0.666666666666667,-0.010877786516974994,0.933333333333333,-0.015228901123764979
KLVL78R1508,2016-12-21,10,0.04732405918475272,0.666666666666667,0.003154937278983516,0.933333333333333,0.004416912190576919
KLVL78R1508,2016-12-22,10,1.0593771536871124,0.666666666666667,0.07062514357914086,0.933333333333333,0.09887520101079712
KLVL78R1508,2016-12-23,10,0.48775245706879794,0.666666666666667,0.032516830471253214,0.933333333333333,0.045523562659754456
KLVL78R1508,2016-12-26,10,0.08000605287619718,0.666666666666667,0.005333736858413147,0.933333333333333,0.007467231601778401
KLVL78R1508,2016-12-27,10,1.2104023764515257,0.666666666666667,0.08069349176343509,0.933333333333333,0.11297088846880902
KLVL78R1508,2016-12-28,10,0.43610427195369544,0.666666666666667,0.029073618130246375,0.933333333333333,0.040703065382344895
KLVL78R1508,2016-12-29,10,0.08261708850521414,0.666666666666667,0.005507805900347612,0.933333333333333,0.00771092826048665
KLVL78R1508,2016-12-30,10,0.3376015865830262,0.666666666666667,0.022506772438868422,0.933333333333333,0.03150948141441577
KLVL78R1508,2017-01-02,10,0.8567381844814956,0.666666666666667,0.05711587896543306,0.933333333333333,0.07996223055160623
KLVL78R1508,2017-01-03,10,-0.1508199543752422,0.666666666666667,-0.010054663625016152,0.933333333333333,-0.0140765290750226
KLVL78R1508,2017-01-04,10,0.29684495482817524,0.333333333333333,0.00989483182760583,1.15555555555556,0.034302083669033714
KLVL78R1508,2017-01-05,10,0.014371837657444314,0.666666666666667,0.0009581225104962881,0.933333333333333,0.0013413715146948022
KLVL78R1508,2017-01-06,10,0.21324918426927697,0.333333333333333,0.007108306142309224,1.15555555555556,0.024642127960005436
KLVL78R1508,2017-01-09,10,0.5207703036154918,0.333333333333333,0.017359010120516376,1.15555555555556,0.06017790175112373
KLVL78R1508,2017-01-10,10,1.298146224444992,0.333333333333333,0.04327154081483302,1.15555555555556,0.15000800815808854
KLVL78R1508,2017-01-11,10,0.3486249331193151,0.333333333333333,0.011620831103977157,1.02222222222222,0.035637215385529906
KLVL78R1508,2017-01-12,10,-0.17895907520879453,0.333333333333333,-0.005965302506959811,1.02222222222222,-0.018293594354676736
KLVL78R1508,2017-01-13,10,0.02874760881878317,0.333333333333333,0.0009582536272927714,1.13636363636364,0.003266773729407189
KLVL78R1508,2017-01-16,10,0.26001304073626713,0.333333333333333,0.008667101357875562,1.11904761904762,0.029096697415725153
KLVL78R1508,2017-01-17,10,1.0280137454110818,0.666666666666667,0.06853424969407215,1.0952380952381,0.11259198164026182
KLVL78R1508,2017-01-18,10,0.24827254765846093,0.666666666666667,0.016551503177230736,1.0952380952381,0.027191755219736314
KLVL78R1508,2017-01-19,10,0.28831906398787277,0.333333333333333,0.009610635466262415,2.68,0.0772695091487499
KLVL78R1508,2017-01-20,10,0.24591824764586057,0.666666666666667,0.01639454984305738,3.25,0.07992343048490469
KLVL78R1508,2017-01-23,10,-0.0025176824519666874,0.666666666666667,-0.00016784549679777923,3.63636363636364,-0.0009155208916242508
KLVL78R1508,2017-01-24,10,0.369479751542207,0.666666666666667,0.024631983436147146,2.72727272727273,0.10076720496605658
KLVL78R1508,2017-01-25,10,-0.07121396151633322,0.666666666666667,-0.004747597434422217,2.72727272727273,-0.019421989504454534
KLVL78R1508,2017-01-26,10,0.9076045303585113,0.6,0.05445627182151067,0.666666666666667,0.060506968690567445
KLVL78R1508,2017-01-31,10,-0.33383097219575214,0.5,-0.016691548609787606,1.18181818181818,-0.03945275125949792
KLVL78R1508,2017-02-01,10,0.03875532513890514,0.5,0.0019377662569452568,1.18181818181818,0.004580174789143328
KLVL78R1508,2017-02-02,10,0.4649084545251444,0.166666666666667,0.007748474242085755,0.5,0.02324542272625722
KLVL78R1508,2017-02-03,10,0.6406196763202724,0.6,0.03843718057921634,0.725,0.04644492653321975
KLVL78R1508,2017-02-06,10,0.17873110496061315,0.25,0.004468277624015329,1.57142857142857,0.028086316493810614
KLVL78R1508,2017-02-07,10,0.11685610281554133,0.25,0.0029214025703885333,1.57142857142857,0.018363101871013622
KLVL78R1508,2017-02-08,10,0.14500425170068035,0.25,0.0036251062925170088,1.57142857142857,0.022786382410106894
KLVL78R1508,2017-02-09,10,0.1266172084779401,0.25,0.003165430211948503,1.57142857142857,0.019896989903676283
KLVL78R1508,2017-02-10,10,0.05060539875739522,0.25,0.0012651349689348805,1.57142857142857,0.00795227694759067
KLVL78R1508,2017-02-13,10,0.09074275802988796,2.0,0.018148551605977593,10,0.09074275802988796
KLVL78R1508,2017-02-14,10,-0.12786570034018635,2.0,-0.02557314006803727,10,-0.12786570034018635
KLVL78R1508,2017-02-15,10,0.10618815536848308,2.0,0.021237631073696618,10,0.1061881553684831
KLVL78R1508,2017-02-16,10,0.4951322305341902,4.0,0.19805289221367608,5.2,0.2574687598777789
KLVL78R1508,2017-02-17,10,1.0066668070944096,1.0,0.10066668070944096,4.5,0.4530000631924843
KLVL78R1508,2017-02-20,10,0.13101725464568417,0.5,0.006550862732284208,1.57142857142857,0.020588425730036067
KLVL78R1508,2017-02-21,10,0.24171055403412697,0.5,0.012085527701706348,1.57142857142857,0.03798308706250563
KLVL78R1508,2017-02-22,10,0.18170423425321267,0.5,0.009085211712660633,1.57142857142857,0.02855352252550482
KLVL78R1508,2017-02-23,10,0.5973299106814093,1.66666666666667,0.09955498511356842,1.80769230769231,0.1079788684693318
KLVL78R1508,2017-02-24,10,-0.07437703313015188,1.5,-0.011156554969522784,0.911764705882353,-0.006781435373631496
KLVL78R1508,2017-02-27,10,0.19908430691506154,1.0,0.019908430691506156,1.3448275862069,0.026773406792025584
KLVL78R1508,2017-02-28,10,0.4448741319901793,1.0,0.04448741319901793,1.3448275862069,0.05982790050902426
KLVL78R1508,2017-03-02,10,0.07311522048364165,2.0,0.01462304409672833,1.02777777777778,0.0075146198830409626
KLVL78R1508,2017-03-03,10,0.03665871726146509,0.333333333333333,0.0012219572420488353,0.564102564102564,0.002067927640390338
KLVL78R1508,2017-03-06,10,0.6487543468380385,0.666666666666667,0.04325028978920258,0.422222222222222,0.027391850199828278
KLVL78R1508,2017-03-07,10,1.1091830807414058,0.666666666666667,0.07394553871609374,0.422222222222222,0.046832174520192664
KLVL78R1508,2017-03-08,10,0.06292590675217384,0.5,0.003146295337608692,0.22,0.0013843699485478246
KLVL78R1508,2017-03-09,10,0.7698011174600494,0.333333333333333,0.025660037248668287,0.229166666666667,0.017641275608459493
KLVL78R1508,2017-03-10,10,0.7210074788698126,0.333333333333333,0.02403358262899373,0.545454545454545,0.03932768066562611
KLVL78R1508,2017-03-13,10,-0.07834909898007715,0.666666666666667,-0.005223273265338479,0.488372093023256,-0.003826351345538653
KLVL78R1508,2017-03-14,10,0.3919258196548377,0.666666666666667,0.026128387976989194,0.488372093023256,0.019140563285468825
KLVL78R1508,2017-03-15,10,0.12668023151613558,0.333333333333333,0.004222674383871182,0.0169491525423729,0.00021471225680700967
KLVL78R1508,2017-03-16,10,0.10499746535991884,0.333333333333333,0.003499915511997291,0.0169491525423729,0.0001779618056947779
KLVL78R1508,2017-03-17,10,0.7484462890007794,0.333333333333333,0.024948209633359288,0.0169491525423729,0.001268553032204712
KLVL78R1508,2017-03-20,10,0.49371949166806933,0.333333333333333,0.016457316388935626,0.0208333333333333,0.0010285822743084762
KLVL78R1508,2017-03-21,10,0.4856419096470391,0.333333333333333,0.01618806365490129,0.0208333333333333,0.00101175397843133
KLVL78R1508,2017-03-22,10,-0.14013642622158218,0.333333333333333,-0.004671214207386068,0.0196078431372549,-0.00027477730631682783
KLVL78R1508,2017-03-23,10,0.9489400669431405,0.333333333333333,0.031631335564771317,0.02,0.001897880133886281
KLVL78R1508,2017-03-24,10,0.11851578947368413,0.333333333333333,0.003950526315789467,0.0204081632653061,0.00024186895810955917
KLVL78R1508,2017-03-27,10,1.124126830499916,0.5,0.0562063415249958,0.173076923076923,0.019456041297113917
KLVL78R1508,2017-03-28,10,0.10871944929793904,0.5,0.005435972464896952,0.173076923076923,0.0018816827763104825
KLVL78R1508,2017-03-29,10,0.11121516962707292,0.5,0.005560758481353646,0.211538461538462,0.0023526285882650095
KLVL78R1508,2017-03-30,10,0.09948638717220652,0.5,0.004974319358610326,0.188679245283019,0.001877101644758615
KLVL78R1508,2017-03-31,10,-0.26645464025026067,0.5,-0.013322732012513033,0.163636363636364,-0.004360166840458821
KLVL78R1508,2017-04-03,10,0.041596537629237755,0.333333333333333,0.0013865512543079239,0.755555555555556,0.003142849509764632
KLVL78R1508,2017-04-04,10,0.32638063898905584,0.333333333333333,0.010879354632968515,0.755555555555556,0.024659870501395346
KLVL78R1508,2017-04-05,10,1.32374343151399,1.0,0.132374343151399,1.05128205128205,0.13916277100531674
KLVL78R1508,2017-04-06,10,0.24339670255720056,2.0,0.048679340511440114,1.05128205128205,0.025587858473962076
KLVL78R1508,2017-04-07,10,0.6343979515495094,2.0,0.12687959030990187,2.63636363636364,0.16725036904487087
KLVL78R1508,2017-04-10,10,0.10543934816249616,8.0,0.08435147852999693,2.84,0.029944774878148905
KLVL78R1508,2017-04-11,10,0.10928869764652671,8.0,0.08743095811722137,2.84,0.031037990131613586
KLVL78R1508,2017-04-12,10,0.19494653365110826,3.5,0.0682312867778879,4.33333333333333,0.08447683124881353
KLVL78R1508,2017-04-13,10,0.14239628907279525,3.5,0.04983870117547834,3.44444444444444,0.04904761068062942
KLVL78R1508,2017-04-14,10,0.28933747957624006,3.5,0.10126811785168402,3.44444444444444,0.09966068740959368
KLVL78R1508,2017-04-17,10,0.9482101976009369,1.33333333333333,0.12642802634679126,1.26666666666667,0.12010662502945232
KLVL78R1508,2017-04-18,10,0.5700577839638956,1.33333333333333,0.07600770452851922,1.26666666666667,0.07220731930209363
KLVL78R1508,2017-04-19,10,0.47677747145377136,1.33333333333333,0.06357032952716936,1.19354838709677,0.056905698205772515
KLVL78R1508,2017-04-20,10,0.2501745773112977,1.0,0.02501745773112977,0.823529411764706,0.020602612249165698
KLVL78R1508,Total,2480,77.98473791176804,325.9499999999999,9.390178023599985,659.3514950515794,19.057481257504403
