KLVL7600V11,2016-04-25,10,-0.001981823362550281,0.2,-3.9636467251005626e-05,0.695121951219512,-0.00013776089227483657
KLVL7600V11,2016-04-26,10,0.00035794793562056904,0.2,7.158958712411381e-06,0.719512195121951,2.5754790489772643e-05
KLVL7600V11,2016-04-27,10,0.0001618708866689333,0.2,3.2374177333786665e-06,0.695121951219512,1.1252000658694143e-05
KLVL7600V11,2016-04-28,10,-0.0026534010809521657,0.2,-5.3068021619043314e-05,0.695121951219512,-0.00018444373367594317
KLVL7600V11,2016-04-29,10,-0.00512021181193141,0.2,-0.00010240423623862819,1.04225352112676,-0.0005336558789900339
KLVL7600V11,2016-05-02,10,-0.0021891136665078094,0.25,-5.4727841662695234e-05,1.11392405063291,-0.00024385063626922404
KLVL7600V11,2016-05-03,10,-0.0019616193684101613,0.25,-4.904048421025403e-05,1.36666666666667,-0.00026808798034938937
KLVL7600V11,2016-05-04,10,0.0026163229240747867,0.25,6.540807310186967e-05,1.75,0.0004578565117130877
KLVL7600V11,2016-05-09,10,-0.0006061596134334662,0.25,-1.5153990335836656e-05,1.16455696202532,-7.059073979225198e-05
KLVL7600V11,2016-05-10,10,-0.000916243316370691,0.25,-2.2906082909267275e-05,1.36666666666667,-0.00012521991990399473
KLVL7600V11,2016-05-11,10,0.004073056686960207,0.25,0.00010182641717400518,1.81666666666667,0.000739938631464439
KLVL7600V11,2016-05-12,10,-0.002452788116841821,0.2,-4.9055762336836416e-05,1.85915492957746,-0.00045601131186354864
KLVL7600V11,2016-05-13,10,-0.0022137968981052005,0.25,-5.534492245263001e-05,1.16455696202532,-0.0002578092590198469
KLVL7600V11,2016-05-16,10,-0.002360878350142393,0.25,-5.902195875355982e-05,1.81666666666667,-0.00042889290027586877
KLVL7600V11,2016-05-17,10,0.00022887346751929028,0.25,5.721836687982257e-06,2.21276595744681,5.064434174894937e-05
KLVL7600V11,2016-05-18,10,-0.0013470223035807873,0.25,-3.367555758951968e-05,2.21276595744681,-0.00029806450972851483
KLVL7600V11,2016-05-19,10,-0.004682028446673264,0.25,-0.0001170507111668316,2.21276595744681,-0.0010360233158596165
KLVL7600V11,2016-05-20,10,-0.0032837156371754595,0.333333333333333,-0.00010945718790584855,2.91228070175439,-0.0009563101680195212
KLVL7600V11,2016-05-23,10,-0.00013945117247938244,0.666666666666667,-9.296744831958833e-06,2.54385964912281,-3.547442106931663e-05
KLVL7600V11,2016-05-24,10,0.0004576379778504012,0.666666666666667,3.0509198523360093e-05,2.54385964912281,0.00011641667857597939
KLVL7600V11,2016-05-25,10,-0.003485170599100826,0.666666666666667,-0.00023234470660672183,2.54385964912281,-0.0008865784857361762
KLVL7600V11,2016-05-26,10,0.008078900430175225,0.5,0.00040394502150876125,3.55555555555556,0.002872497930728972
KLVL7600V11,2016-05-27,10,-0.0017043089092424243,0.333333333333333,-5.681029697474742e-05,2.01754385964912,-0.00034385179747873425
KLVL7600V11,2016-05-30,10,0.002341452395536179,0.333333333333333,7.804841318453922e-05,2.91228070175439,0.0006818966625596601
KLVL7600V11,2016-05-31,10,0.0012698385181460514,0.5,6.349192590730256e-05,2.19148936170213,0.0002782837603596669
KLVL7600V11,2016-06-01,10,0.0041942423311157615,0.25,0.00010485605827789404,2.29787234042553,0.0009637833441712805
KLVL7600V11,2016-06-02,10,-0.0006206896551724374,0.25,-1.5517241379310935e-05,1.75,-0.00010862068965517653
KLVL7600V11,2016-06-03,10,0.0007116486094817865,0.25,1.779121523704466e-05,2.21276595744681,0.00015747118167256562
KLVL7600V11,2016-06-07,10,0.0018101809749978743,0.25,4.5254524374946856e-05,1.71666666666667,0.00031074773404130235
KLVL7600V11,2016-06-08,10,0.006909280204438953,0.25,0.00017273200511097383,1.36666666666667,0.0009442682946066592
KLVL7600V11,2016-06-09,10,0.004810999500100501,0.2,9.621999000201001e-05,1.07042253521127,0.000514980228179773
KLVL7600V11,2016-06-10,10,-0.0009780034272642616,0.2,-1.9560068545285234e-05,0.695121951219512,-6.798316506593037e-05
KLVL7600V11,2016-06-13,10,-0.005090596442541398,0.2,-0.00010181192885082796,0.695121951219512,-0.0003538585332010483
KLVL7600V11,2016-06-14,10,-0.009638626378092445,0.2,-0.0001927725275618489,1.11267605633803,-0.0010724668786891611
KLVL7600V11,2016-06-15,10,-0.0032182259583402907,0.25,-8.045564895850727e-05,2.78723404255319,-0.0008969948947714423
KLVL7600V11,2016-06-16,10,-0.001703149309422722,0.25,-4.257873273556805e-05,2.57446808510638,-0.0004384703541279769
KLVL7600V11,2016-06-17,10,-0.0032514889996352525,0.333333333333333,-0.00010838296665450829,3.59649122807018,-0.001169395166535487
KLVL7600V11,2016-06-20,10,0.0025217001223830126,0.666666666666667,0.0001681133414922009,3.54385964912281,0.000893655131090121
KLVL7600V11,2016-06-21,10,0.007785008645182623,0.666666666666667,0.0005190005763455084,3.56140350877193,0.00277255571047732
KLVL7600V11,2016-06-22,10,0.002189862831820227,0.25,5.4746570795505676e-05,2.16666666666667,0.00047447028022771663
KLVL7600V11,2016-06-23,10,0.002228091153875862,0.25,5.5702278846896545e-05,1.81666666666667,0.0004047698929541156
KLVL7600V11,2016-06-24,10,-0.005107208459940641,0.25,-0.00012768021149851604,1.11392405063291,-0.0005689042335123745
KLVL7600V11,2016-06-27,10,-0.015710871647096412,0.25,-0.0003927717911774103,2.74468085106383,-0.004312132856330718
KLVL7600V11,2016-06-28,10,0.002690952439387974,1.0,0.0002690952439387974,3.22222222222222,0.0008670846749139021
KLVL7600V11,2016-06-29,10,0.0034267831073578323,1.0,0.00034267831073578326,4.44444444444444,0.0015230147143812573
KLVL7600V11,2016-06-30,10,0.0059023391558131215,0.666666666666667,0.0003934892770542083,3.54385964912281,0.002091706156972371
KLVL7600V11,2016-07-01,10,0.006066904839233612,0.25,0.0001516726209808403,3.29787234042553,0.0020007877661302326
KLVL7600V11,2016-07-04,10,0.007442128732901165,0.25,0.00018605321832252912,2.33333333333333,0.0017364967043436027
KLVL7600V11,2016-07-05,10,0.002332785029159828,0.2,4.6655700583196565e-05,1.07042253521127,0.00024970656650161595
KLVL7600V11,2016-07-06,10,-0.002092915204965157,0.2,-4.1858304099303144e-05,0.719512195121951,-0.00015058780133285883
KLVL7600V11,2016-07-07,10,-0.007505019008158434,0.2,-0.0001501003801631687,1.07042253521127,-0.0008033541473521722
KLVL7600V11,2016-07-08,10,0.005693922609133524,0.25,0.0001423480652283381,2.31666666666667,0.0013190920711159348
KLVL7600V11,2016-07-11,10,-0.0011854020096203446,0.25,-2.9635050240508615e-05,0.443037974683544,-5.2517810552800035e-05
KLVL7600V11,2016-07-12,10,0.007219396826893159,0.25,0.00018048492067232897,1.11392405063291,0.0008041859756539205
KLVL7600V11,2016-07-13,10,0.0019822701672593005,0.2,3.964540334518601e-05,0.654761904761905,0.00012979149904673995
KLVL7600V11,2016-07-14,10,0.0025854383358098684,0.2,5.1708766716197374e-05,0.680555555555556,0.00017595344229817173
KLVL7600V11,2016-07-15,10,0.0009696856778695555,0.166666666666667,1.6161427964492624e-05,0.0120481927710843,1.1682959974331958e-06
KLVL7600V11,2016-07-18,10,0.0022463069191329278,0.166666666666667,3.7438448652215534e-05,0.0120481927710843,2.7063938784733987e-06
KLVL7600V11,2016-07-19,10,-0.0009074831482490179,0.166666666666667,-1.5124719137483662e-05,0.0120481927710843,-1.093353190661464e-06
KLVL7600V11,2016-07-20,10,-0.00024925645531978567,0.166666666666667,-4.15427425532977e-06,0.0120481927710843,-3.0030898231299385e-07
KLVL7600V11,2016-07-21,10,0.00046060554839533717,0.166666666666667,7.676759139922301e-06,0.0120481927710843,5.549464438498021e-07
KLVL7600V11,2016-07-22,10,-0.0027201229968659684,0.166666666666667,-4.533538328109956e-05,0.0120481927710843,-3.277256622730072e-06
KLVL7600V11,2016-07-25,10,-0.0012917707848035776,0.166666666666667,-2.1529513080059667e-05,0.0120481927710843,-1.5563503431368356e-06
KLVL7600V11,2016-07-26,10,-0.001026271707555002,0.2,-2.0525434151100044e-05,0.272727272727273,-2.7989228387863718e-05
KLVL7600V11,2016-07-27,10,0.004015910817912845,0.2,8.031821635825691e-05,0.272727272727273,0.00010952484048853224
KLVL7600V11,2016-07-28,10,0.0006807351940093918,0.166666666666667,1.1345586566823219e-05,0.0120481927710843,8.201628843486623e-07
KLVL7600V11,2016-07-29,10,-0.0020746186673426524,0.166666666666667,-3.4576977789044274e-05,0.0119047619047619,-2.4697841277888708e-06
KLVL7600V11,2016-08-01,10,-0.0038995846370761316,0.2,-7.799169274152264e-05,0.272727272727273,-0.0001063523082838946
KLVL7600V11,2016-08-02,10,0.0030349658672605704,0.2,6.069931734521141e-05,0.272727272727273,8.277179637983382e-05
KLVL7600V11,2016-08-03,10,-0.004208126387876459,0.2,-8.416252775752918e-05,0.272727272727273,-0.00011476708330572172
KLVL7600V11,2016-08-04,10,-0.007221921958983484,0.2,-0.00014443843917966967,0.593023255813954,-0.00042827676733506745
KLVL7600V11,2016-08-05,10,0.0028077605644669227,0.25,7.019401411167307e-05,1.44303797468354,0.00040517051183446614
KLVL7600V11,2016-08-08,10,0.0032530125632115174,0.2,6.506025126423035e-05,0.7125,0.00023177714512882062
KLVL7600V11,2016-08-09,10,0.006523276721574085,0.2,0.00013046553443148173,0.675,0.0004403211787062508
KLVL7600V11,2016-08-10,10,0.002755800515601479,0.2,5.511601031202958e-05,0.3625,9.989776869055362e-05
KLVL7600V11,2016-08-11,10,0.001722391084093181,0.2,3.4447821681863626e-05,0.365853658536585,6.301430795462852e-05
KLVL7600V11,2016-08-12,10,0.0013822865041636092,0.2,2.764573008327219e-05,0.4,5.529146016654438e-05
KLVL7600V11,2016-08-16,10,-0.00044188943505476364,0.25,-1.104723587636909e-05,0.916666666666666,-4.050653154668664e-05
KLVL7600V11,2016-08-17,10,-0.0010652138216757118,0.25,-2.6630345541892795e-05,0.916666666666666,-9.764460032027352e-05
KLVL7600V11,2016-08-18,10,0.0004804895936069059,0.25,1.2012239840172648e-05,0.949152542372881,4.560579193557071e-05
KLVL7600V11,2016-08-19,10,0.0024644861230475224,0.75,0.00018483645922856418,1.48936170212766,0.00036705112470920555
KLVL7600V11,2016-08-22,10,-0.0008615001870086535,2.5,-0.00021537504675216336,4.18518518518518,-0.0003605537819702879
KLVL7600V11,2016-08-23,10,-0.0027339412497055754,2.5,-0.0006834853124263938,4.18518518518518,-0.001144205041543443
KLVL7600V11,2016-08-24,10,0.0022901536047776217,2.5,0.0005725384011944054,4.18518518518518,0.0009584716938513737
KLVL7600V11,2016-08-25,10,-0.00039134002398528745,3.0,-0.00011740200719558623,5.84,-0.00022854257400740786
KLVL7600V11,2016-08-26,10,-0.0022858153162254313,4.0,-0.0009143261264901725,10,-0.0022858153162254313
KLVL7600V11,2016-08-29,10,-0.00155690290242145,0.5,-7.78451451210725e-05,3.375,-0.0005254547295672394
KLVL7600V11,2016-08-30,10,0.0014072008113589956,0.5,7.036004056794978e-05,4.125,0.0005804703346855857
KLVL7600V11,2016-08-31,10,0.002641651158570708,0.5,0.0001320825579285354,3.375,0.0008915572660176139
KLVL7600V11,2016-09-01,10,-0.0019781228035470767,0.5,-9.890614017735383e-05,3.23076923076923,-0.0006390858288382862
KLVL7600V11,2016-09-02,10,-0.0011850090035381356,2.0,-0.00023700180070762713,4.04347826086957,-0.00047915581447411623
KLVL7600V11,2016-09-05,10,0.004327670066878336,5.0,0.002163835033439168,4.46153846153846,0.0019308066452226416
KLVL7600V11,2016-09-06,10,0.0066884429926893155,5.0,0.0033442214963446577,4.46153846153846,0.0029840745659690778
KLVL7600V11,2016-09-07,10,0.001515885477566611,5.0,0.0007579427387833055,4.46153846153846,0.0006763181361451032
KLVL7600V11,2016-09-08,10,-0.002439258298690268,2.0,-0.0004878516597380536,10,-0.002439258298690268
KLVL7600V11,2016-09-09,10,-0.00047650496150336173,7.0,-0.0003335534730523532,10,-0.00047650496150336173
KLVL7600V11,2016-09-12,10,-0.011976849218828545,4.0,-0.004790739687531418,1.93877551020408,-0.002322042195487165
KLVL7600V11,2016-09-13,10,-0.013120915585954695,4.0,-0.005248366234381878,1.93877551020408,-0.002543850980950398
KLVL7600V11,2016-09-19,10,0.003332418383626967,0.333333333333333,0.00011108061278756546,2.79166666666667,0.0009303001320958628
KLVL7600V11,2016-09-20,10,0.005881824904570049,0.666666666666667,0.0003921216603046701,2.27083333333333,0.00133566440541278
KLVL7600V11,2016-09-21,10,0.0030767007908479973,0.666666666666667,0.00020511338605653322,2.10416666666667,0.0006473891247409338
KLVL7600V11,2016-09-22,10,0.003579886545134224,0.5,0.00017899432725671118,1.18681318681319,0.0004248656559060408
KLVL7600V11,2016-09-23,10,0.004977077581621524,4.0,0.0019908310326486097,2.0,0.0009954155163243049
KLVL7600V11,2016-09-26,10,0.00024363094112949288,2.5,6.090773528237322e-05,2.14814814814815,5.2335535501891114e-05
KLVL7600V11,2016-09-27,10,-0.0002645691512370116,2.5,-6.61422878092529e-05,2.14814814814815,-5.683337322869143e-05
KLVL7600V11,2016-09-28,10,0.003482315382676621,2.5,0.0008705788456691551,2.14814814814815,0.00074805293405646
KLVL7600V11,2016-09-29,10,-0.0019799990790702036,0.5,-9.899995395351018e-05,2.55555555555556,-0.0005059997646512751
KLVL7600V11,2016-09-30,10,0.002768270585866873,0.5,0.00013841352929334366,2.55555555555556,0.0007074469274993132
KLVL7600V11,2016-10-04,10,-0.004981679465944013,0.333333333333333,-0.00016605598219813358,2.29166666666667,-0.0011416348776121714
KLVL7600V11,2016-10-05,10,0.003560543960317067,0.333333333333333,0.00011868479867723544,2.29166666666667,0.0008159579909059958
KLVL7600V11,2016-10-06,10,0.0011435417120453136,0.333333333333333,3.8118057068177085e-05,2.41304347826087,0.0002759415870370214
KLVL7600V11,2016-10-07,10,0.00159829292274208,1.0,0.00015982929227420801,2.13725490196078,0.00034159593838997324
KLVL7600V11,2016-10-10,10,-0.0034170610768336778,0.5,-0.00017085305384168388,0.849315068493151,-0.0002902161462516275
KLVL7600V11,2016-10-11,10,-0.00041916594360541396,0.5,-2.09582971802707e-05,1.20547945205479,-5.052959320174834e-05
KLVL7600V11,2016-10-12,10,-0.008227484494839954,0.5,-0.0004113742247419977,1.20547945205479,-0.000991806350062895
KLVL7600V11,2016-10-13,10,-0.001792758776695927,0.5,-8.963793883479635e-05,1.13888888888889,-0.00020417530512370296
KLVL7600V11,2016-10-14,10,-0.004684793060067835,1.0,-0.0004684793060067835,1.49315068493151,-0.0006995101966402672
KLVL7600V11,2016-10-17,10,0.0028215527477157805,1.0,0.0002821552747715781,1.54166666666667,0.0004349893819395171
KLVL7600V11,2016-10-18,10,0.0021600746902052667,2.0,0.00043201493804105335,1.375,0.0002970102699032242
KLVL7600V11,2016-10-19,10,0.004691952961901335,2.0,0.0009383905923802669,1.375,0.0006451435322614335
KLVL7600V11,2016-10-20,10,-0.0016142832455946006,0.5,-8.071416227973003e-05,1.12162162162162,-0.00018106149916804278
KLVL7600V11,2016-10-21,10,0.0010511917728413572,0.5,5.2559588642067865e-05,1.13513513513514,0.00011932447151172215
KLVL7600V11,2016-10-24,10,-0.0024797257119723135,0.5,-0.00012398628559861567,1.14473684210526,-0.00028386333808104035
KLVL7600V11,2016-10-25,10,0.0038810324053523966,0.5,0.00019405162026761983,1.10526315789474,0.0004289562132231609
KLVL7600V11,2016-10-26,10,-0.005352638206297682,0.5,-0.0002676319103148841,1.14473684210526,-0.000612736215720917
KLVL7600V11,2016-10-27,10,-0.004746339687190402,2.0,-0.0009492679374380805,1.28,-0.0006075314799603715
KLVL7600V11,2016-10-28,10,0.002190920654638622,2.0,0.0004381841309277244,1.30263157894737,0.00028539624317003136
KLVL7600V11,2016-10-31,10,-0.0013456379257649645,2.0,-0.0002691275851529929,1.30263157894737,-0.00017528704559306794
KLVL7600V11,2016-11-01,10,-0.0029924466226584163,2.0,-0.0005984893245316832,1.30263157894737,-0.00038980554689892574
KLVL7600V11,2016-11-02,10,-0.004199441495598202,1.0,-0.0004199441495598202,1.42666666666667,-0.0005991203200386784
KLVL7600V11,2016-11-03,10,-0.008190264160636921,2.0,-0.0016380528321273842,1.55913978494624,-0.0012769766702068347
KLVL7600V11,2016-11-04,10,0.001454736960247215,0.333333333333333,4.8491232008240446e-05,2.72916666666667,0.00039702196206746964
KLVL7600V11,2016-11-07,10,0.00015948688328141713,0.333333333333333,5.316229442713899e-06,2.72916666666667,4.3526628562220146e-05
KLVL7600V11,2016-11-08,10,0.005482026108580429,1.0,0.0005482026108580429,1.51612903225806,0.0008311458938815464
KLVL7600V11,2016-11-09,10,-0.0009815561737313357,2.0,-0.00019631123474626714,1.55913978494624,-0.0001530383281624129
KLVL7600V11,2016-11-10,10,-0.006568729244789186,1.0,-0.0006568729244789186,0.849462365591398,-0.000557988828320802
KLVL7600V11,2016-11-11,10,0.008439037241462694,0.333333333333333,0.00028130124138208947,2.77083333333333,0.0023383165689886184
KLVL7600V11,2016-11-14,10,-0.009738883154815602,0.666666666666667,-0.0006492588769877071,3.08333333333333,-0.0030028223060681405
KLVL7600V11,2016-11-15,10,-0.006469944598936973,0.333333333333333,-0.00021566481996456553,3.22916666666667,-0.002089252943406733
KLVL7600V11,2016-11-16,10,-0.0024420290170507285,1.0,-0.00024420290170507286,3.92307692307692,-0.0009580267682275927
KLVL7600V11,2016-11-17,10,0.004123648359704439,1.0,0.0004123648359704439,3.96153846153846,0.0016335991578829115
KLVL7600V11,2016-11-18,10,0.0013602131145402238,1.0,0.00013602131145402238,3.92307692307692,0.0005336220680119335
KLVL7600V11,2016-11-21,10,-0.00135402562233096,1.0,-0.000135402562233096,2.1969696969697,-0.00029747532611816585
KLVL7600V11,2016-11-22,10,-0.0008821791127797531,2.0,-0.0001764358225559506,2.36363636363636,-0.0002085150630206686
KLVL7600V11,2016-11-23,10,0.006467776381089862,2.0,0.0012935552762179724,2.36363636363636,0.0015287471446212377
KLVL7600V11,2016-11-24,10,0.001452056215319248,0.333333333333333,4.840187384397489e-05,2.25490196078431,0.0003274244407092417
KLVL7600V11,2016-11-25,10,-0.004945367925016845,0.333333333333333,-0.00016484559750056134,2.07843137254902,-0.001027860784415266
KLVL7600V11,2016-11-28,10,0.0010755206300469317,0.333333333333333,3.585068766823102e-05,2.31372549019608,0.00024884594969713336
KLVL7600V11,2016-11-29,10,0.0011913322994013013,0.333333333333333,3.971107664671e-05,1.88235294117647,0.00022425078576965665
KLVL7600V11,2016-11-30,10,0.002864449242565149,0.333333333333333,9.548164141883821e-05,2.54901960784314,0.0007301537284969997
KLVL7600V11,2016-12-01,10,0.0014367630117658927,0.333333333333333,4.789210039219637e-05,2.07843137254902,0.00029862133185722486
KLVL7600V11,2016-12-02,10,-0.004049908661634479,0.333333333333333,-0.0001349969553878158,2.19607843137255,-0.000889391706084435
KLVL7600V11,2016-12-05,10,-0.0055891055700714965,0.333333333333333,-0.00018630351900238303,3.01960784313726,-0.0016876907015510039
KLVL7600V11,2016-12-06,10,0.00010440593025694147,2.0,2.0881186051388294e-05,2.36363636363636,2.4677765333458857e-05
KLVL7600V11,2016-12-07,10,0.00791662316873709,2.0,0.001583324633747418,2.36363636363636,0.0018712018398833095
KLVL7600V11,2016-12-08,10,0.004518462255519798,0.333333333333333,0.00015061540851732646,2.07843137254902,0.0009391313707550955
KLVL7600V11,2016-12-09,10,0.011724372000704563,1.0,0.0011724372000704564,2.0,0.002344874400140913
KLVL7600V11,2016-12-12,10,-0.0009681857557794745,0.5,-4.8409287788973726e-05,2.81481481481482,-0.0002725263608860748
KLVL7600V11,2016-12-13,10,0.001538696953210158,0.5,7.69348476605079e-05,2.81481481481482,0.0004331146979406379
KLVL7600V11,2016-12-14,10,0.001583017154303669,0.5,7.915085771518345e-05,2.81481481481482,0.0004455900138039965
KLVL7600V11,2016-12-15,10,0.0008220373815143516,0.5,4.1101869075717585e-05,3.05882352941176,0.00025144672846321304
KLVL7600V11,2016-12-16,10,-0.0001439500747268932,2.0,-2.8790014945378638e-05,3.17777777777778,-4.5744134857657194e-05
KLVL7600V11,2016-12-19,10,0.0014270046875198025,1.0,0.00014270046875198026,2.12,0.00030252499375419816
KLVL7600V11,2016-12-20,10,-0.001213551180569604,1.0,-0.0001213551180569604,2.06,-0.0002499915431973384
KLVL7600V11,2016-12-21,10,0.0008297736326727755,1.0,8.297736326727755e-05,2.12,0.0001759120101266284
KLVL7600V11,2016-12-22,10,-0.0009179162877266016,1.0,-9.179162877266016e-05,2.25,-0.00020653116473848534
KLVL7600V11,2016-12-23,10,-0.0011304553999356753,1.0,-0.00011304553999356753,2.13725490196078,-0.0002416071344960556
KLVL7600V11,2016-12-26,10,-0.001754824708270935,1.0,-0.0001754824708270935,1.49295774647887,-0.0002619879141925616
KLVL7600V11,2016-12-27,10,8.067700747750791e-05,1.0,8.067700747750791e-06,1.49295774647887,1.2044736327627916e-05
KLVL7600V11,2016-12-28,10,0.002471064765673305,1.0,0.0002471064765673305,1.49295774647887,0.0003689195283962954
KLVL7600V11,2016-12-29,10,0.00384569773154655,1.0,0.00038456977315465496,2.19148936170213,0.0008427805667006276
KLVL7600V11,2016-12-30,10,0.002940729739764512,1.0,0.0002940729739764512,2.24489795918367,0.0006601638191308077
KLVL7600V11,2017-01-02,10,0.0010811356551807048,1.0,0.00010811356551807048,2.1,0.00022703848758794803
KLVL7600V11,2017-01-03,10,0.002294406858007327,1.0,0.00022944068580073272,2.1,0.00048182544018153875
KLVL7600V11,2017-01-04,10,0.004326753760754065,1.0,0.0004326753760754065,2.1,0.0009086182897583537
KLVL7600V11,2017-01-05,10,-0.0008891746121863297,3.0,-0.0002667523836558989,1.71428571428571,-0.00015242993351765615
KLVL7600V11,2017-01-06,10,-0.0005515281927004863,2.5,-0.00013788204817512159,2.09090909090909,-0.00011531953120101073
KLVL7600V11,2017-01-09,10,0.0014004841076407522,5.0,0.0007002420538203761,2.5531914893617,0.00035757041046146834
KLVL7600V11,2017-01-10,10,-0.0006679524751813528,5.0,-0.0003339762375906764,2.5531914893617,-0.0001705410574931112
KLVL7600V11,2017-01-11,10,0.0013284428811335361,5.0,0.0006642214405667681,2.5531914893617,0.00033917690582132805
KLVL7600V11,2017-01-12,10,0.00857335958881257,2.5,0.0021433398972031427,2.25490196078431,0.0019332085347322434
KLVL7600V11,2017-01-13,10,0.0037766131267294254,2.0,0.0007553226253458851,3.875,0.0014634375866076524
KLVL7600V11,2017-01-16,10,-0.0035439949889558855,2.0,-0.0007087989977911771,3.33333333333333,-0.001181331662985294
KLVL7600V11,2017-01-17,10,-0.00134406378719955,2.0,-0.00026881275743991,3.33333333333333,-0.0004480212623998496
KLVL7600V11,2017-01-18,10,0.0018925041100883156,2.0,0.0003785008220176631,3.33333333333333,0.0006308347033627713
KLVL7600V11,2017-01-19,10,0.0011077309701738626,7.0,0.0007754116791217038,4.85294117647059,0.0005375753237608453
KLVL7600V11,2017-01-20,10,0.001304685306600987,1.0,0.00013046853066009872,6.03703703703704,0.0007876433517628185
KLVL7600V11,2017-01-23,10,-9.483753917203456e-05,2.0,-1.896750783440691e-05,10,-9.483753917203456e-05
KLVL7600V11,2017-01-24,10,0.0008989801935695251,2.0,0.00017979603871390502,10,0.0008989801935695251
KLVL7600V11,2017-01-25,10,-0.0010258945677029587,2.0,-0.00020517891354059173,10,-0.0010258945677029587
KLVL7600V11,2017-01-26,10,0.000532033357254198,1.0,5.32033357254198e-05,5.3,0.00028197767934472494
KLVL7600V11,2017-01-31,10,0.002415548547991561,1.0,0.0002415548547991561,3.7,0.0008937529627568776
KLVL7600V11,2017-02-01,10,-0.005547308383467369,1.0,-0.0005547308383467369,3.7,-0.0020525041018829267
KLVL7600V11,2017-02-02,10,0.0020964967415394607,2.0,0.0004192993483078921,3.19565217391304,0.0006699674369702182
KLVL7600V11,2017-02-03,10,-0.0032145053004262476,2.0,-0.0006429010600852495,2.98,-0.0009579225795270218
KLVL7600V11,2017-02-06,10,0.0004263950985263289,1.0,4.263950985263289e-05,2.41818181818182,0.00010311008746182143
KLVL7600V11,2017-02-07,10,-0.00024000364143452957,1.0,-2.4000364143452957e-05,2.41818181818182,-5.8037244201440834e-05
KLVL7600V11,2017-02-08,10,-0.0029221249560234266,1.0,-0.00029221249560234267,2.41818181818182,-0.0007066229439111201
KLVL7600V11,2017-02-09,10,-0.0033956139294890543,1.0,-0.00033956139294890545,2.41818181818182,-0.0008211211865855356
KLVL7600V11,2017-02-10,10,-0.0009954973529766506,1.0,-9.954973529766506e-05,2.41818181818182,-0.00024072935990162664
KLVL7600V11,2017-02-13,10,0.002101383410745392,2.0,0.00042027668214907846,10,0.002101383410745392
KLVL7600V11,2017-02-14,10,-7.489203065573643e-05,2.0,-1.4978406131147285e-05,10,-7.489203065573643e-05
KLVL7600V11,2017-02-15,10,-0.0019057288372559093,2.0,-0.00038114576745118187,10,-0.0019057288372559093
KLVL7600V11,2017-02-16,10,0.003501896860799638,9.0,0.003151707174719674,10,0.003501896860799638
KLVL7600V11,2017-02-17,10,0.0004112832869428925,4.0,0.000164513314777157,10,0.0004112832869428925
KLVL7600V11,2017-02-20,10,-0.0005356942639186922,3.0,-0.00016070827917560767,10,-0.0005356942639186922
KLVL7600V11,2017-02-21,10,0.0027422303473491395,3.0,0.0008226691042047419,10,0.0027422303473491395
KLVL7600V11,2017-02-22,10,0.005858954172536617,3.0,0.0017576862517609854,10,0.005858954172536617
KLVL7600V11,2017-02-23,10,0.0019114000181252927,2.0,0.0003822800036250585,10,0.0019114000181252929
KLVL7600V11,2017-02-24,10,-0.0011101152052890074,2.0,-0.00022202304105780148,10,-0.0011101152052890074
KLVL7600V11,2017-02-27,10,-0.004264287007919442,2.0,-0.0008528574015838885,10,-0.004264287007919442
KLVL7600V11,2017-02-28,10,-0.0034847382519262527,2.0,-0.0006969476503852505,10,-0.0034847382519262527
KLVL7600V11,2017-03-02,10,0.0038080383624604724,2.0,0.0007616076724920944,10,0.0038080383624604724
KLVL7600V11,2017-03-03,10,0.0022480546475637346,2.0,0.0004496109295127469,10,0.0022480546475637346
KLVL7600V11,2017-03-06,10,-0.006807377201264895,5.0,-0.0034036886006324476,4.0,-0.002722950880505958
KLVL7600V11,2017-03-07,10,0.0010088010627697758,1.0,0.00010088010627697758,4.68965517241379,0.00047309291219548076
KLVL7600V11,2017-03-08,10,0.0030523840529522806,5.0,0.0015261920264761403,4.17857142857143,0.0012754604792693462
KLVL7600V11,2017-03-09,10,-0.000260482347152725,5.0,-0.0001302411735763625,5.04166666666667,-0.00013132651668949893
KLVL7600V11,2017-03-10,10,-0.0012407153137355457,5.0,-0.0006203576568677728,10,-0.0012407153137355457
KLVL7600V11,2017-03-13,10,0.003345811110743005,2.0,0.000669162222148601,3.80769230769231,0.0012739819229367604
KLVL7600V11,2017-03-14,10,0.0058521526677231235,2.0,0.0011704305335446248,3.80769230769231,0.002228319669633037
KLVL7600V11,2017-03-15,10,0.003836338122943503,5.0,0.0019181690614717515,5.21739130434783,0.0020015677163183507
KLVL7600V11,2017-03-16,10,0.0006294526622986318,1.0,6.294526622986318e-05,2.56603773584906,0.00016151992843889442
KLVL7600V11,2017-03-17,10,0.0062578887386594995,5.0,0.0031289443693297498,2.29411764705882,0.0014356332988689417
KLVL7600V11,2017-03-20,10,0.004554625055309165,2.5,0.0011386562638272912,4.21428571428571,0.0019194491304517177
KLVL7600V11,2017-03-21,10,-0.002254864324247844,1.0,-0.0002254864324247844,5.5,-0.0012401753783363141
KLVL7600V11,2017-03-22,10,0.006241216328415093,1.0,0.0006241216328415093,5.27586206896552,0.003292779649129343
KLVL7600V11,2017-03-23,10,-0.0036909131890778242,2.0,-0.0007381826378155649,6.54166666666667,-0.002414472377855078
KLVL7600V11,2017-03-24,10,0.002234063612234508,1.0,0.0002234063612234508,2.71153846153846,0.0006057749410097412
KLVL7600V11,2017-03-27,10,-0.0010843101530127112,1.0,-0.00010843101530127112,5.96153846153846,-0.0006464156681421931
KLVL7600V11,2017-03-28,10,-0.0033775195206100883,1.0,-0.0003377519520610088,5.96153846153846,-0.002013521252671398
KLVL7600V11,2017-03-29,10,0.0012794661872716818,2.0,0.00025589323745433634,6.24,0.0007983869008575294
KLVL7600V11,2017-03-30,10,9.300670457027594e-05,1.0,9.300670457027594e-06,5.96153846153846,5.544630464766449e-05
KLVL7600V11,2017-03-31,10,-0.00038816579531533875,1.0,-3.8816579531533875e-05,2.71153846153846,-0.00010525264834512063
KLVL7600V11,2017-04-03,10,-0.0011447247604369885,2.0,-0.0002289449520873977,6.24,-0.0007143082505126809
KLVL7600V11,2017-04-04,10,0.0013039710372643335,2.0,0.0002607942074528667,6.24,0.000813677927252944
KLVL7600V11,2017-04-05,10,-0.0018684785246299,1.0,-0.00018684785246299,3.38775510204082,-0.0006329947654868648
KLVL7600V11,2017-04-06,10,-0.0013290221152522305,7.0,-0.0009303154806765614,3.16981132075472,-0.0004212749346459904
KLVL7600V11,2017-04-07,10,-0.0016878321905302288,1.0,-0.00016878321905302289,6.2962962962963,-0.001062709157000515
KLVL7600V11,2017-04-10,10,-0.0011786030708706588,7.0,-0.0008250221496094612,6.91666666666667,-0.0008152004573522061
KLVL7600V11,2017-04-11,10,-0.0050943181263325725,7.0,-0.003566022688432801,6.91666666666667,-0.0035235700373800307
KLVL7600V11,2017-04-12,10,-0.002891473629106019,7.0,-0.002024031540374213,6.91666666666667,-0.0019999359267983308
KLVL7600V11,2017-04-13,10,0.0027563011423062693,7.0,0.0019294107996143885,6.30769230769231,0.0017385899513008782
KLVL7600V11,2017-04-14,10,0.004311244002503288,7.0,0.0030178708017523015,6.30769230769231,0.00271940006311746
KLVL7600V11,2017-04-17,10,-0.002977220799002955,6.0,-0.001786332479401773,2.95833333333333,-0.0008807611530383732
KLVL7600V11,2017-04-18,10,0.0027328431372549244,6.0,0.0016397058823529546,2.95833333333333,0.0008084660947712475
KLVL7600V11,2017-04-19,10,-0.00038294041202761023,3.0,-0.00011488212360828308,5.84,-0.00022363720062412436
KLVL7600V11,2017-04-20,10,-0.0023718797758533524,6.0,-0.0014231278655120114,2.87755102040816,-0.0006825205069292292
KLVL7600V11,Total,2480,0.04204772361049617,366.7,0.01004039288875408,770.4404171085857,0.023872721125395818
