KLVL0200A54,2016-04-25,10,-0.005429894680216218,1.0,-0.0005429894680216218,0.5,-0.0002714947340108109
KLVL0200A54,2016-04-26,10,0.0021043735474329255,0.25,5.260933868582314e-05,3.07407407407407,0.0006469000164330836
KLVL0200A54,2016-04-27,10,0.0006156492991718405,0.25,1.5391232479296012e-05,1.96296296296296,0.00012084967724484258
KLVL0200A54,2016-04-28,10,-0.0026127925695551817,0.25,-6.531981423887954e-05,1.96296296296296,-0.0005128815043941644
KLVL0200A54,2016-04-29,10,-0.006980065406424019,0.25,-0.00017450163516060047,3.07407407407407,-0.0021457238101229366
KLVL0200A54,2016-05-02,10,-0.002952915046250819,0.25,-7.382287615627047e-05,3.33333333333333,-0.0009843050154169385
KLVL0200A54,2016-05-03,10,-0.002825099860025411,0.25,-7.062749650063527e-05,3.2962962962963,-0.0009312366205268957
KLVL0200A54,2016-05-04,10,-0.0068302619978944466,0.5,-0.0003415130998947223,1.96296296296296,-0.001340755132920019
KLVL0200A54,2016-05-09,10,-0.006592838367733756,1.0,-0.0006592838367733756,2.88571428571429,-0.0019025047861174582
KLVL0200A54,2016-05-10,10,0.0022295480176975245,3.0,0.0006688644053092573,1.95833333333333,0.0004366198201324311
KLVL0200A54,2016-05-11,10,0.000510703125676178,2.0,0.00010214062513523559,2.80645161290323,0.00014332636107686306
KLVL0200A54,2016-05-12,10,-0.0027425466752027455,2.0,-0.0005485093350405491,2.80645161290323,-0.0007696824540085136
KLVL0200A54,2016-05-13,10,-0.007261275798350049,3.0,-0.0021783827395050145,1.95833333333333,-0.0014219998438435486
KLVL0200A54,2016-05-16,10,-0.0003145973154361542,3.0,-9.437919463084626e-05,2.08333333333333,-6.554110738253201e-05
KLVL0200A54,2016-05-17,10,0.004720444770796062,3.0,0.0014161334312388185,2.08333333333333,0.0009834259939158446
KLVL0200A54,2016-05-18,10,-0.007665135379689519,3.0,-0.002299540613906856,1.95833333333333,-0.0015010890118558617
KLVL0200A54,2016-05-19,10,-0.0013765288676515159,2.5,-0.00034413221691287897,3.93333333333333,-0.0005414346879429291
KLVL0200A54,2016-05-20,10,0.0013169678133066428,2.5,0.0003292419533266607,3.93333333333333,0.0005180073399006123
KLVL0200A54,2016-05-23,10,0.0025252525252524214,2.5,0.0006313131313131053,3.93333333333333,0.0009932659932659516
KLVL0200A54,2016-05-24,10,-0.0021165687097675673,2.0,-0.00042331374195351347,2.55,-0.0005397250209907297
KLVL0200A54,2016-05-25,10,0.009982996476589366,2.5,0.0024957491191473415,3.93333333333333,0.003926645280791815
KLVL0200A54,2016-05-26,10,0.0011802174724255443,3.0,0.0003540652417276633,1.95833333333333,0.0002311259216833354
KLVL0200A54,2016-05-27,10,0.0021582920888627006,3.0,0.0006474876266588101,1.95833333333333,0.0004226655340689448
KLVL0200A54,2016-05-30,10,0.0013146741856804147,2.0,0.00026293483713608293,2.74193548387097,0.0003604751799446301
KLVL0200A54,2016-05-31,10,0.0026345339898073373,2.0,0.0005269067979614675,2.42857142857143,0.0006398153975246395
KLVL0200A54,2016-06-01,10,0.001455955201378466,1.0,0.0001455955201378466,2.88571428571429,0.0004201470723977866
KLVL0200A54,2016-06-02,10,0.0006451945906885516,1.0,6.451945906885516e-05,2.82857142857143,0.00018249789850904757
KLVL0200A54,2016-06-03,10,0.0024243674722099883,1.0,0.00024243674722099884,3.02857142857143,0.000734237005869311
KLVL0200A54,2016-06-07,10,0.007023953482388706,0.25,0.00017559883705971764,2.48148148148148,0.0017429810493334926
KLVL0200A54,2016-06-08,10,0.002631578947368351,0.25,6.578947368420878e-05,3.37037037037037,0.0008869395711500737
KLVL0200A54,2016-06-09,10,0.0020810505482931527,0.25,5.202626370732882e-05,3.33333333333333,0.0006936835160977169
KLVL0200A54,2016-06-10,10,-0.006272568532049511,0.25,-0.00015681421330123778,3.44444444444444,-0.0021605513832614956
KLVL0200A54,2016-06-13,10,-0.013673507685483711,0.25,-0.00034183769213709276,3.2962962962963,-0.004507193274103895
KLVL0200A54,2016-06-14,10,-0.005344587524106716,2.0,-0.001068917504821343,3.54838709677419,-0.0018964665408120584
KLVL0200A54,2016-06-15,10,0.000104336031578944,3.0,3.1300809473683194e-05,3.41666666666667,3.56481441228059e-05
KLVL0200A54,2016-06-16,10,-0.0038078678548142657,3.0,-0.0011423603564442797,3.41666666666667,-0.001301021517061542
KLVL0200A54,2016-06-17,10,0.002277745293968886,3.0,0.0006833235881906658,3.54166666666667,0.000806701458280648
KLVL0200A54,2016-06-20,10,0.002298690443020229,3.0,0.0006896071329060687,3.41666666666667,0.0007853859013652457
KLVL0200A54,2016-06-21,10,0.00305789144485389,3.0,0.000917367433456167,3.41666666666667,0.0010447795769917467
KLVL0200A54,2016-06-22,10,0.0037414258989814453,2.0,0.0007482851797962891,2.35483870967742,0.0008810454536311147
KLVL0200A54,2016-06-23,10,-3.451370193963866e-05,2.0,-6.9027403879277315e-06,3.14285714285714,-1.0847163466743569e-05
KLVL0200A54,2016-06-24,10,-0.005729472267283419,2.0,-0.0011458944534566838,3.14285714285714,-0.0018006912840033585
KLVL0200A54,2016-06-27,10,-0.010900128441003876,3.0,-0.003270038532301163,3.41666666666667,-0.0037242105506763283
KLVL0200A54,2016-06-28,10,-0.0042378829888042036,1.5,-0.0006356824483206306,5.06666666666667,-0.002147194047660798
KLVL0200A54,2016-06-29,10,0.009463472230788894,5.0,0.004731736115394447,2.44,0.00230908722431249
KLVL0200A54,2016-06-30,10,0.004975428366924589,3.0,0.0014926285100773768,3.54166666666667,0.0017621308799524605
KLVL0200A54,2016-07-01,10,0.0038477239366646087,3.0,0.0011543171809993828,3.41666666666667,0.0013146390116937426
KLVL0200A54,2016-07-04,10,0.001972727901986548,2.0,0.0003945455803973096,3.61290322580645,0.000712727500072559
KLVL0200A54,2016-07-05,10,-0.0018479499844563855,2.0,-0.00036958999689127713,3.14285714285714,-0.0005807842808291492
KLVL0200A54,2016-07-06,10,-0.008244657842374081,2.0,-0.0016489315684748162,3.61290322580645,-0.0029787150914383767
KLVL0200A54,2016-07-07,10,0.004806476094105934,3.0,0.0014419428282317801,3.54166666666667,0.0017022936166625198
KLVL0200A54,2016-07-08,10,-0.0016668402958642155,3.0,-0.0005000520887592647,3.41666666666667,-0.0005695037677536075
KLVL0200A54,2016-07-11,10,0.011383004626247799,3.0,0.0034149013878743396,3.41666666666667,0.0038891932473013356
KLVL0200A54,2016-07-12,10,0.0058982846825159085,1.0,0.0005898284682515909,3.42857142857143,0.0020222690340054553
KLVL0200A54,2016-07-13,10,0.005196980964347622,0.25,0.00012992452410869054,2.44444444444444,0.0012703731246183055
KLVL0200A54,2016-07-14,10,0.00419221251881399,0.25,0.00010480531297034975,3.33333333333333,0.0013974041729379952
KLVL0200A54,2016-07-15,10,0.004928360938928916,0.25,0.0001232090234732229,3.07407407407407,0.001515014659004072
KLVL0200A54,2016-07-18,10,-0.0003791900500531249,0.25,-9.479751251328123e-06,1.96296296296296,-7.443360241783552e-05
KLVL0200A54,2016-07-19,10,-0.003000952549545175,0.25,-7.502381373862937e-05,1.96296296296296,-0.0005890758708366444
KLVL0200A54,2016-07-20,10,0.001369712444936622,0.25,3.424281112341555e-05,3.07407407407407,0.0004210597515916277
KLVL0200A54,2016-07-21,10,0.0018237851986322303,0.25,4.5594629965805755e-05,3.07407407407407,0.0005606450795795367
KLVL0200A54,2016-07-22,10,-0.002064879352049326,0.25,-5.1621983801233146e-05,1.96296296296296,-0.00040532816910597813
KLVL0200A54,2016-07-25,10,0.002592774014830468,0.25,6.48193503707617e-05,3.07407407407407,0.0007970379378923279
KLVL0200A54,2016-07-26,10,0.002030106222570278,0.25,5.075265556425695e-05,1.96296296296296,0.0003985023325786095
KLVL0200A54,2016-07-27,10,0.0016392891369773573,1.0,0.00016392891369773572,1.85185185185185,0.000303572062403214
KLVL0200A54,2016-07-28,10,-0.0029542841316334855,1.0,-0.00029542841316334856,0.5,-0.00014771420658167428
KLVL0200A54,2016-07-29,10,-0.0028115188093974747,1.0,-0.00028115188093974747,1.85185185185185,-0.0005206516313699022
KLVL0200A54,2016-08-01,10,0.007808345221714796,0.25,0.00019520863054286992,3.07407407407407,0.00240034316074936
KLVL0200A54,2016-08-02,10,-0.0028562334572989592,2.0,-0.0005712466914597918,0.480769230769231,-0.00013731891621629618
KLVL0200A54,2016-08-03,10,-0.01107125757053942,1.0,-0.0011071257570539421,0.5,-0.0005535628785269711
KLVL0200A54,2016-08-04,10,0.002684130503104657,0.25,6.710326257761643e-05,3.77777777777778,0.0010140048567284267
KLVL0200A54,2016-08-05,10,0.0075479689948747125,0.25,0.0001886992248718678,3.88888888888889,0.002935321275784611
KLVL0200A54,2016-08-08,10,0.008735790677339157,1.0,0.0008735790677339157,1.85185185185185,0.0016177390143220648
KLVL0200A54,2016-08-09,10,0.00300062513023539,1.0,0.000300062513023539,0.576923076923077,0.00017311298828281098
KLVL0200A54,2016-08-10,10,-0.0009556654339966458,1.0,-9.556654339966458e-05,0.236363636363636,-2.2588455712647957e-05
KLVL0200A54,2016-08-11,10,0.003842954583263925,1.0,0.0003842954583263925,0.236363636363636,9.083347196805626e-05
KLVL0200A54,2016-08-12,10,0.005932947746971447,1.0,0.0005932947746971447,0.472727272727273,0.00028046662076592314
KLVL0200A54,2016-08-16,10,0.0051895418375920155,0.5,0.00025947709187960075,0.0192307692307692,9.979888149215399e-06
KLVL0200A54,2016-08-17,10,-0.0031058445602648276,0.125,-3.882305700331035e-05,0.0192307692307692,-5.972778000509274e-06
KLVL0200A54,2016-08-18,10,0.004192389579856726,0.125,5.240486974820908e-05,0.0196078431372549,8.220371725209268e-06
KLVL0200A54,2016-08-19,10,-0.0010478147332574537,0.125,-1.309768416571817e-05,0.0196078431372549,-2.054538692661674e-06
KLVL0200A54,2016-08-22,10,-0.0007293228769737794,1.0,-7.293228769737794e-05,0.596153846153846,-4.347886381959069e-05
KLVL0200A54,2016-08-23,10,0.0007462564169850047,1.0,7.462564169850047e-05,0.596153846153846,4.448836332025989e-05
KLVL0200A54,2016-08-24,10,-0.002310850343759423,1.0,-0.0002310850343759423,0.596153846153846,-0.00013776223203181172
KLVL0200A54,2016-08-25,10,-0.0018069666778918001,0.5,-9.034833389459e-05,1.96296296296296,-0.0003547008664009824
KLVL0200A54,2016-08-26,10,-0.00030444907060740955,5.0,-0.00015222453530370478,1.8,-5.480083270933372e-05
KLVL0200A54,2016-08-29,10,-0.0009794722373121754,0.8,-7.835777898497404e-05,1.33333333333333,-0.00013059629830828974
KLVL0200A54,2016-08-30,10,0.003929969104016463,0.8,0.00031439752832131704,1.33333333333333,0.0005239958805355271
KLVL0200A54,2016-08-31,10,-0.0031267439188523336,0.8,-0.00025013951350818674,1.33333333333333,-0.00041689918918031007
KLVL0200A54,2016-09-01,10,0.00033752912217719,2.0,6.750582443543801e-05,1.25,4.219114027214875e-05
KLVL0200A54,2016-09-02,10,0.000781815787741166,2.0,0.0001563631575482332,1.13636363636364,8.884270315240551e-05
KLVL0200A54,2016-09-05,10,0.00939912998429372,0.5,0.000469956499214686,1.96296296296296,0.00184501440432432
KLVL0200A54,2016-09-06,10,0.0031283095723013588,1.25,0.0003910386965376699,2.33333333333333,0.0007299389002036493
KLVL0200A54,2016-09-07,10,-0.0003086068835576541,1.25,-3.857586044470676e-05,2.33333333333333,-7.200827283011918e-05
KLVL0200A54,2016-09-08,10,0.0011779424189251036,0.25,2.9448560473127588e-05,2.52,0.0002968414895691261
KLVL0200A54,2016-09-09,10,-0.0017688918460577758,5.0,-0.0008844459230288879,1.71428571428571,-0.0003032386021813322
KLVL0200A54,2016-09-12,10,-0.019077733431959898,1.0,-0.0019077733431959898,1.63888888888889,-0.0031266285346823186
KLVL0200A54,2016-09-13,10,0.0050299976797374265,1.0,0.0005029997679737426,1.63888888888889,0.0008243607308458566
KLVL0200A54,2016-09-19,10,0.0019541073357355263,2.0,0.00039082146714710525,1.02040816326531,0.00019939870772811569
KLVL0200A54,2016-09-20,10,0.0002962475312704904,2.0,5.924950625409808e-05,1.02040816326531,3.022933992556036e-05
KLVL0200A54,2016-09-21,10,0.0031014511829938318,2.0,0.0006202902365987663,1.02040816326531,0.00031647461050957586
KLVL0200A54,2016-09-22,10,0.004084210181001057,0.2,8.168420362002114e-05,1.53846153846154,0.0006283400278463171
KLVL0200A54,2016-09-23,10,-0.0009638081858351532,0.5,-4.8190409291757656e-05,1.45,-0.0001397521869460972
KLVL0200A54,2016-09-26,10,-0.006802220532568216,1.0,-0.0006802220532568217,1.6,-0.0010883552852109146
KLVL0200A54,2016-09-27,10,0.004198187370864692,1.0,0.0004198187370864692,1.6,0.0006717099793383508
KLVL0200A54,2016-09-28,10,-0.0013443614692888,1.0,-0.00013443614692888,1.6,-0.00021509783508620798
KLVL0200A54,2016-09-29,10,0.004990683510223454,1.0,0.0004990683510223454,1.6,0.0007985093616357526
KLVL0200A54,2016-09-30,10,-0.009792951361947164,1.0,-0.0009792951361947163,1.6,-0.0015668722179115464
KLVL0200A54,2016-10-04,10,0.007192583061136979,0.2,0.00014385166122273958,1.60526315789474,0.0011545988598140962
KLVL0200A54,2016-10-05,10,0.00040128410914928517,0.2,8.025682182985704e-06,1.60526315789474,6.441665962659591e-05
KLVL0200A54,2016-10-06,10,0.007081051433810662,0.5,0.0003540525716905331,1.19148936170213,0.0008436997453051019
KLVL0200A54,2016-10-07,10,-0.0019915137129944607,0.5,-9.957568564972303e-05,1.56756756756757,-0.00031218323068561867
KLVL0200A54,2016-10-10,10,-0.0005701393583489135,1.0,-5.701393583489135e-05,0.959183673469388,-5.4686836413059064e-05
KLVL0200A54,2016-10-11,10,-0.007220451970955121,1.0,-0.0007220451970955122,0.959183673469388,-0.0006925739645610016
KLVL0200A54,2016-10-12,10,-0.005844640907561191,1.0,-0.0005844640907561191,1.28571428571429,-0.0007514538309721557
KLVL0200A54,2016-10-13,10,-0.008124912269112881,0.5,-0.00040624561345564404,0.78,-0.0006337431569908047
KLVL0200A54,2016-10-14,10,0.00551092611862634,0.5,0.000275546305931317,0.958333333333334,0.0005281304197016913
KLVL0200A54,2016-10-17,10,-0.001341203937509741,0.5,-6.706019687548705e-05,0.775510204081633,-0.00010401173392932689
KLVL0200A54,2016-10-18,10,0.006690155440414455,0.5,0.00033450777202072274,0.510204081632653,0.0003413344612456354
KLVL0200A54,2016-10-19,10,-0.001399960471704366,0.5,-6.99980235852183e-05,1.16326530612245,-0.00016285254466765088
KLVL0200A54,2016-10-20,10,0.002416255710775069,0.5,0.00012081278553875345,1.0,0.0002416255710775069
KLVL0200A54,2016-10-21,10,-0.0011023816379416053,0.5,-5.511908189708026e-05,1.16,-0.0001278762700012262
KLVL0200A54,2016-10-24,10,0.006259213809802183,0.333333333333333,0.00020864046032673922,0.979591836734694,0.0006131474752459282
KLVL0200A54,2016-10-25,10,0.0003355677232958331,0.333333333333333,1.1185590776527759e-05,0.938775510204082,3.1502276064506796e-05
KLVL0200A54,2016-10-26,10,-0.009335471519039192,0.333333333333333,-0.0003111823839679727,0.938775510204082,-0.0008763912038281694
KLVL0200A54,2016-10-27,10,-0.0011066971696632158,0.333333333333333,-3.6889905655440486e-05,0.678571428571429,-7.509730794143256e-05
KLVL0200A54,2016-10-28,10,-0.0046135910770832905,0.333333333333333,-0.00015378636923610954,0.678571428571429,-0.00031306510880208064
KLVL0200A54,2016-10-31,10,0.0015117660251351337,0.5,7.558830125675668e-05,0.843137254901961,0.00012746262564864856
KLVL0200A54,2016-11-01,10,0.004478688905292204,1.0,0.0004478688905292204,0.538461538461538,0.00024116017182342612
KLVL0200A54,2016-11-02,10,-0.009611017991759521,1.0,-0.0009611017991759521,0.538461538461538,-0.0005175163534024353
KLVL0200A54,2016-11-03,10,-0.002034231785705399,0.5,-0.00010171158928526994,0.588235294117647,-0.00011966069327678814
KLVL0200A54,2016-11-04,10,-0.002781885165785258,3.0,-0.0008345655497355774,0.76,-0.0002114232725996796
KLVL0200A54,2016-11-07,10,0.004205411744994539,3.0,0.0012616235234983618,0.795918367346939,0.0003347164450097695
KLVL0200A54,2016-11-08,10,0.00915142819006943,3.0,0.0027454284570208294,0.76,0.0006955085424452767
KLVL0200A54,2016-11-09,10,-0.0070265935900933295,0.333333333333333,-0.00023421978633644407,0.722222222222222,-0.0005074762037289625
KLVL0200A54,2016-11-10,10,0.010622799057601204,3.0,0.0031868397172803613,0.76,0.0008073327283776915
KLVL0200A54,2016-11-11,10,-0.0032044153383583344,1.0,-0.0003204415338358334,1.16,-0.00037171217924956675
KLVL0200A54,2016-11-14,10,-0.0032477728377103914,0.5,-0.00016238864188551958,1.16666666666667,-0.00037890683106621344
KLVL0200A54,2016-11-15,10,-0.000306766268976079,2.0,-6.135325379521581e-05,1.0625,-3.25939160787084e-05
KLVL0200A54,2016-11-16,10,0.0016669984076433046,2.0,0.00033339968152866094,1.0625,0.0001771185808121011
KLVL0200A54,2016-11-17,10,-0.0005216224943489918,1.0,-5.2162249434899174e-05,1.73684210526316,-9.059759112377237e-05
KLVL0200A54,2016-11-18,10,0.0017313650446509252,0.5,8.656825223254627e-05,1.16666666666667,0.00020199258854260854
KLVL0200A54,2016-11-21,10,0.0004879137963827544,1.0,4.879137963827544e-05,0.86,4.196058648891688e-05
KLVL0200A54,2016-11-22,10,0.005174323453075657,1.0,0.0005174323453075657,0.86,0.0004449918169645064
KLVL0200A54,2016-11-23,10,0.0020475626603513003,1.0,0.00020475626603513002,1.16,0.00023751726860075082
KLVL0200A54,2016-11-24,10,-0.0011653003110201675,1.0,-0.00011653003110201675,1.13461538461538,-0.0001322167660580569
KLVL0200A54,2016-11-25,10,0.0011995234769747434,1.0,0.00011995234769747435,1.12,0.00013434662942117127
KLVL0200A54,2016-11-28,10,0.00315113120686696,1.0,0.000315113120686696,1.78048780487805,0.0005610550685397274
KLVL0200A54,2016-11-29,10,-0.0009080125976523598,1.0,-9.080125976523599e-05,1.78048780487805,-0.0001616705356795666
KLVL0200A54,2016-11-30,10,0.001375538343131367,1.0,0.0001375538343131367,1.78048780487805,0.00024491292450875575
KLVL0200A54,2016-12-01,10,-0.0003761181337999676,0.5,-1.880590668999838e-05,2.47222222222222,-9.298476085610303e-05
KLVL0200A54,2016-12-02,10,-0.0037625965187801902,1.0,-0.000376259651878019,1.83333333333333,-0.0006898093617763669
KLVL0200A54,2016-12-05,10,-0.0009277808795035216,1.0,-9.277808795035216e-05,2.43243243243243,-0.000225676430149505
KLVL0200A54,2016-12-06,10,0.003566644477864735,1.0,0.0003566644477864735,2.43243243243243,0.000867562170291421
KLVL0200A54,2016-12-07,10,0.0030216923114716435,1.0,0.00030216923114716437,2.43243243243243,0.0007350062379255341
KLVL0200A54,2016-12-08,10,0.0074865698937021975,0.2,0.00014973139787404394,1.425,0.001066836209852563
KLVL0200A54,2016-12-09,10,0.0019853650235407937,5.0,0.0009926825117703968,1.60526315789474,0.0003187033327262859
KLVL0200A54,2016-12-12,10,-0.004294448757763931,0.25,-0.00010736121894409828,3.125,-0.0013420152368012284
KLVL0200A54,2016-12-13,10,0.0012589650495057176,0.25,3.147412623764294e-05,3.125,0.0003934265779705367
KLVL0200A54,2016-12-14,10,0.002944707638393051,0.25,7.361769095982627e-05,3.125,0.0009202211369978284
KLVL0200A54,2016-12-15,10,-0.00790229303999675,7.0,-0.0055316051279977255,2.67741935483871,-0.0021157752332894527
KLVL0200A54,2016-12-16,10,8.152749922541462e-06,3.0,2.4458249767624384e-06,2.14285714285714,1.7470178405445967e-06
KLVL0200A54,2016-12-19,10,-0.0011169176334389576,0.2,-2.2338352668779154e-05,1.775,-0.00019825287993541495
KLVL0200A54,2016-12-20,10,-0.0023424364603908832,0.2,-4.684872920781767e-05,1.775,-0.0004157824717193817
KLVL0200A54,2016-12-21,10,0.002037059761933987,0.2,4.0741195238679744e-05,2.575,0.0005245428886980017
KLVL0200A54,2016-12-22,10,-0.0033963619738087056,1.0,-0.0003396361973808706,1.84615384615385,-0.0006270206720877623
KLVL0200A54,2016-12-23,10,-0.0016138545728610505,0.2,-3.227709145722101e-05,2.58333333333333,-0.0004169124313224375
KLVL0200A54,2016-12-26,10,0.00045950226058696935,0.166666666666667,7.658371009782838e-06,2.33333333333333,0.00010721719413695936
KLVL0200A54,2016-12-27,10,0.0010334052342795205,0.166666666666667,1.7223420571325376e-05,2.33333333333333,0.00024112788799855443
KLVL0200A54,2016-12-28,10,0.0033264237667242473,0.166666666666667,5.544039611207089e-05,2.33333333333333,0.0007761655455689899
KLVL0200A54,2016-12-29,10,-0.002172155578601699,2.0,-0.00043443111572033977,2.16666666666667,-0.0004706337086970355
KLVL0200A54,2016-12-30,10,0.0011620960284139397,0.333333333333333,3.8736534280464614e-05,2.14285714285714,0.0002490205775172725
KLVL0200A54,2017-01-02,10,0.0004087137777414477,2.0,8.174275554828953e-05,2.16666666666667,8.855465184398048e-05
KLVL0200A54,2017-01-03,10,0.003178494096498836,2.0,0.0006356988192997672,2.16666666666667,0.0006886737209080821
KLVL0200A54,2017-01-04,10,0.0025738348510271573,2.0,0.0005147669702054315,2.16666666666667,0.0005576642177225516
KLVL0200A54,2017-01-05,10,0.0023397514014135037,2.5,0.0005849378503533759,1.63888888888889,0.00038345925745388
KLVL0200A54,2017-01-06,10,0.0013130379808394676,2.5,0.0003282594952098669,1.41860465116279,0.0001862681786772267
KLVL0200A54,2017-01-09,10,0.0017807997409744357,7.0,0.001246559818682105,2.5625,0.0004563299336246991
KLVL0200A54,2017-01-10,10,0.00017776341305755276,7.0,0.00012443438914028692,2.5625,4.555187459599789e-05
KLVL0200A54,2017-01-11,10,0.007424342796206278,7.0,0.005197039957344394,2.5625,0.0019024878415278587
KLVL0200A54,2017-01-12,10,0.0003849207303871005,2.0,7.698414607742009e-05,4.41666666666667,0.0001700066559209695
KLVL0200A54,2017-01-13,10,-0.0005130301645705377,2.0,-0.00010260603291410754,4.5,-0.00023086357405674196
KLVL0200A54,2017-01-16,10,-0.0025744877090265943,1.0,-0.00025744877090265944,7.46666666666667,-0.0019222841560731913
KLVL0200A54,2017-01-17,10,0.000900582162040374,1.0,9.00582162040374e-05,7.46666666666667,0.0006724346809901463
KLVL0200A54,2017-01-18,10,0.0014540955686236266,1.0,0.00014540955686236266,7.46666666666667,0.001085724691238975
KLVL0200A54,2017-01-19,10,0.00034494653328739157,2.0,6.898930665747831e-05,4.8,0.00016557433597794795
KLVL0200A54,2017-01-20,10,-0.002991178829190071,1.0,-0.0002991178829190071,6.47058823529412,-0.0019354686541818115
KLVL0200A54,2017-01-23,10,-0.0002734723752683795,10.0,-0.0002734723752683795,9.91666666666666,-0.0002711934388078095
KLVL0200A54,2017-01-24,10,0.0008367325593556866,10.0,0.0008367325593556867,9.91666666666666,0.0008297597880277221
KLVL0200A54,2017-01-25,10,0.0020820437791907506,10.0,0.0020820437791907506,9.91666666666666,0.0020646934143641596
KLVL0200A54,2017-01-26,10,0.008679887049159419,2.0,0.0017359774098318838,4.22222222222222,0.0036648411985339747
KLVL0200A54,2017-01-31,10,-0.0053285402980801705,5.0,-0.0026642701490400852,5.1304347826087,-0.0027337728485802635
KLVL0200A54,2017-02-01,10,-0.0014472127162824804,5.0,-0.0007236063581412402,5.1304347826087,-0.0007424830457449254
KLVL0200A54,2017-02-02,10,-0.0030507578851281126,10.0,-0.0030507578851281126,4.42307692307692,-0.0013493736799605103
KLVL0200A54,2017-02-03,10,-5.622219009520532e-05,10.0,-5.622219009520532e-05,4.875,-2.7408317671412598e-05
KLVL0200A54,2017-02-06,10,0.006682784600679472,2.5,0.0016706961501698682,5.72727272727273,0.0038274129985709725
KLVL0200A54,2017-02-07,10,-0.0009973589933855152,2.5,-0.0002493397483463788,5.72727272727273,-0.0005712146962117044
KLVL0200A54,2017-02-08,10,0.0028433142181684148,2.5,0.0007108285545421037,5.72727272727273,0.0016284435976782747
KLVL0200A54,2017-02-09,10,0.004021917459104014,2.5,0.0010054793647760036,5.72727272727273,0.0023034618174868457
KLVL0200A54,2017-02-10,10,0.004307233455226059,2.5,0.0010768083638065147,5.72727272727273,0.0024668700698112895
KLVL0200A54,2017-02-13,10,0.004786351788958355,6.0,0.002871811073375013,10,0.004786351788958355
KLVL0200A54,2017-02-14,10,0.00048736008049293393,3.0,0.00014620802414788017,10,0.0004873600804929339
KLVL0200A54,2017-02-15,10,0.008241801411084406,2.0,0.0016483602822168811,10,0.008241801411084406
KLVL0200A54,2017-02-16,10,0.001722162911935942,2.0,0.0003444325823871884,10,0.001722162911935942
KLVL0200A54,2017-02-17,10,-0.0031272365186544963,6.0,-0.0018763419111926978,10,-0.0031272365186544963
KLVL0200A54,2017-02-20,10,0.0024347228941987193,10,0.0024347228941987193,10,0.0024347228941987193
KLVL0200A54,2017-02-21,10,0.002055146429183157,10,0.002055146429183157,10,0.002055146429183157
KLVL0200A54,2017-02-22,10,0.0027889560448096816,10,0.0027889560448096816,10,0.0027889560448096816
KLVL0200A54,2017-02-23,10,2.3241220628886295e-05,10,2.3241220628886295e-05,10,2.3241220628886295e-05
KLVL0200A54,2017-02-24,10,-0.0037417495584270146,10,-0.0037417495584270146,10,-0.0037417495584270146
KLVL0200A54,2017-02-27,10,-0.0019206693571589858,10,-0.0019206693571589858,10,-0.0019206693571589858
KLVL0200A54,2017-02-28,10,0.00013244620346858902,10,0.00013244620346858902,10,0.00013244620346858902
KLVL0200A54,2017-03-02,10,0.00589697049956761,3.0,0.0017690911498702828,10,0.00589697049956761
KLVL0200A54,2017-03-03,10,-0.004762716064679902,4.0,-0.0019050864258719608,9.86666666666667,-0.004699213183817505
KLVL0200A54,2017-03-06,10,0.0009026324185100763,6.0,0.0005415794511060458,10,0.0009026324185100763
KLVL0200A54,2017-03-07,10,0.00147711635789759,6.0,0.000886269814738554,10,0.00147711635789759
KLVL0200A54,2017-03-08,10,0.0002018335804500818,10,0.0002018335804500818,9.85714285714286,0.00019895024358650924
KLVL0200A54,2017-03-09,10,-0.005743335014940502,4.0,-0.002297334005976201,9.86666666666667,-0.005666757214741297
KLVL0200A54,2017-03-10,10,0.0007259669802115949,6.0,0.00043558018812695697,9.0,0.0006533702821904354
KLVL0200A54,2017-03-13,10,0.008424468400443029,2.0,0.0016848936800886057,10,0.008424468400443029
KLVL0200A54,2017-03-14,10,0.004540602422686086,10,0.004540602422686086,10,0.004540602422686086
KLVL0200A54,2017-03-15,10,-0.001678666307319188,10,-0.001678666307319188,10,-0.001678666307319188
KLVL0200A54,2017-03-16,10,0.010752273481067864,10,0.010752273481067864,10,0.010752273481067864
KLVL0200A54,2017-03-17,10,-0.0003281415740112359,4.0,-0.00013125662960449436,6.03703703703704,-0.0001981002835697462
KLVL0200A54,2017-03-20,10,0.0020992686911250552,6.0,0.0012595612146750331,6.0,0.0012595612146750331
KLVL0200A54,2017-03-21,10,0.0030470850822332087,6.0,0.0018282510493399253,6.0,0.0018282510493399253
KLVL0200A54,2017-03-22,10,-0.009531187107455557,10,-0.009531187107455557,5.91666666666667,-0.005639285705244541
KLVL0200A54,2017-03-23,10,0.0015795365670382504,10,0.0015795365670382504,5.64,0.0008908586238095732
KLVL0200A54,2017-03-24,10,-0.00021435570798626033,10,-0.00021435570798626033,5.64,-0.00012089661930425083
KLVL0200A54,2017-03-27,10,-0.004188489693405638,1.5,-0.0006282734540108456,10,-0.004188489693405638
KLVL0200A54,2017-03-28,10,0.0005305692469761817,1.5,7.958538704642726e-05,10,0.0005305692469761817
KLVL0200A54,2017-03-29,10,0.002728292780399295,1.5,0.0004092439170598943,10,0.002728292780399295
KLVL0200A54,2017-03-30,10,-0.001463904409341459,6.5,-0.0009515378660719484,8.55555555555556,-0.00125245155021436
KLVL0200A54,2017-03-31,10,-0.0014506992523908697,2.0,-0.0002901398504781739,5.48,-0.0007949831903101966
KLVL0200A54,2017-04-03,10,0.0001998570253587748,6.5,0.00012990706648320361,8.05263157894737,0.00016093749936785552
KLVL0200A54,2017-04-04,10,-0.0003688930901713187,6.5,-0.00023978050861135714,8.05263157894737,-0.00029705601471690404
KLVL0200A54,2017-04-05,10,0.0015453098692252622,6.0,0.0009271859215351574,6.0,0.0009271859215351574
KLVL0200A54,2017-04-06,10,-0.004198906902480984,4.0,-0.0016795627609923936,10,-0.004198906902480984
KLVL0200A54,2017-04-07,10,0.0002158412025438217,4.0,8.633648101752869e-05,10,0.00021584120254382168
KLVL0200A54,2017-04-10,10,-0.0021579462517243952,4.0,-0.0008631785006897581,6.03703703703704,-0.0013027601445595428
KLVL0200A54,2017-04-11,10,-0.004217095456195528,4.0,-0.0016868381824782113,6.03703703703704,-0.0025458761457773016
KLVL0200A54,2017-04-12,10,0.0022183095860449148,6.5,0.0014419012309291946,8.55555555555556,0.0018978870902828728
KLVL0200A54,2017-04-13,10,4.643495623501151e-05,6.5,3.018272155275748e-05,8.55555555555556,3.972768477884321e-05
KLVL0200A54,2017-04-14,10,-0.0024841548069556617,6.5,-0.0016147006245211802,8.55555555555556,-0.0021253324459509565
KLVL0200A54,2017-04-17,10,0.0008921783115332208,5.0,0.00044608915576661043,3.275,0.0002921883970271298
KLVL0200A54,2017-04-18,10,-0.0023951074697899787,5.0,-0.0011975537348949893,3.275,-0.0007843976963562181
KLVL0200A54,2017-04-19,10,-0.0039004226752859133,2.75,-0.001072616235703626,5.24,-0.0020438214818498186
KLVL0200A54,2017-04-20,10,0.002464860142587543,5.0,0.0012324300712937715,3.07142857142857,0.0007570641866518878
KLVL0200A54,Total,2480,0.07963157647662009,628.4583333333333,0.026285892036349227,885.7619357058038,0.04404100518366384
