KLVL780EDF3,2016-04-25,10,0.06589125716511762,0.666666666666667,0.00439275047767451,1.50684931506849,0.009928819572825922
KLVL780EDF3,2016-04-26,10,0.5431806391952546,0.5,0.02715903195976273,1.69178082191781,0.09189425882275894
KLVL780EDF3,2016-04-27,10,0.437690243737458,0.5,0.0218845121868729,1.69178082191781,0.07404759602955634
KLVL780EDF3,2016-04-28,10,0.010865526443200857,0.5,0.0005432763221600429,1.72602739726027,0.0018754196326620613
KLVL780EDF3,2016-04-29,10,-0.16378969709969848,0.5,-0.008189484854984923,1.69178082191781,-0.027709626838099705
KLVL780EDF3,2016-05-02,10,0.1053425863468508,1.0,0.01053425863468508,2.5,0.026335646586712703
KLVL780EDF3,2016-05-03,10,0.36177886009161003,1.5,0.054266829013741504,3.55084745762712,0.1284621545579531
KLVL780EDF3,2016-05-04,10,0.7162436727072004,1.5,0.10743655090608004,3.57627118644068,0.25614816091732096
KLVL780EDF3,2016-05-09,10,-0.9877740753477452,1.5,-0.14816611130216178,2.88135593220339,-0.28461286916799444
KLVL780EDF3,2016-05-10,10,0.45031127788404157,2.8,0.12608715780753163,3.95505617977528,0.17810064024177819
KLVL780EDF3,2016-05-11,10,-0.19820382287964658,2.0,-0.03964076457592931,3.58974358974359,-0.07115009026448851
KLVL780EDF3,2016-05-12,10,0.2495329341317364,2.0,0.049906586826347285,3.58974358974359,0.08957592507293102
KLVL780EDF3,2016-05-13,10,-0.1189391748602274,1.8,-0.021409051474840932,3.43589743589744,-0.04086628059300126
KLVL780EDF3,2016-05-16,10,0.4211538932869293,3.0,0.1263461679860788,4.72151898734177,0.19884861037471463
KLVL780EDF3,2016-05-17,10,0.6222260366347072,3.0,0.18666781099041216,4.72151898734177,0.29378520463891855
KLVL780EDF3,2016-05-18,10,1.2520327159008902,1.8,0.22536588886216022,3.43589743589744,0.43018559982235766
KLVL780EDF3,2016-05-19,10,1.0771842212081328,3.0,0.32315526636243985,4.72151898734177,0.5085945753299156
KLVL780EDF3,2016-05-20,10,0.085290208241028,3.0,0.025587062472308398,4.72151898734177,0.04026993376443472
KLVL780EDF3,2016-05-23,10,0.5348666593301785,2.8,0.14976266461244997,3.95505617977528,0.2115427686339582
KLVL780EDF3,2016-05-24,10,1.036426183911972,2.8,0.2901993314953521,3.95505617977528,0.40991237835619554
KLVL780EDF3,2016-05-25,10,0.21418881759853345,2.8,0.059972868927589365,3.95505617977528,0.084712880668184
KLVL780EDF3,2016-05-26,10,0.31851747164611516,1.5,0.04777762074691727,2.88135593220339,0.0917762206437959
KLVL780EDF3,2016-05-27,10,-0.9883786848072562,1.5,-0.14825680272108843,2.88135593220339,-0.28478707867327724
KLVL780EDF3,2016-05-30,10,1.2036392201001254,1.5,0.18054588301501878,3.57627118644068,0.430454026171401
KLVL780EDF3,2016-05-31,10,1.010830534670494,1.5,0.1516245802005741,3.55084745762712,0.3589305034126586
KLVL780EDF3,2016-06-01,10,-0.1364835747289341,1.5,-0.020472536209340114,3.55084745762712,-0.04846323543340967
KLVL780EDF3,2016-06-02,10,0.7350982658959536,1.5,0.11026473988439305,3.55084745762712,0.26102218085627515
KLVL780EDF3,2016-06-03,10,0.5015564787705553,1.5,0.07523347181558329,3.55084745762712,0.17809505474988369
KLVL780EDF3,2016-06-07,10,1.3160352880124544,1.5,0.19740529320186817,3.55084745762712,0.46730405565865984
KLVL780EDF3,2016-06-08,10,0.23794761554562432,0.5,0.011897380777281216,1.69178082191781,0.04025552126011594
KLVL780EDF3,2016-06-09,10,0.9004845113389112,0.5,0.04502422556694556,1.76712328767123,0.15912671501742376
KLVL780EDF3,2016-06-10,10,0.9293619316202826,0.5,0.046468096581014126,1.72602739726027,0.16041041559473332
KLVL780EDF3,2016-06-13,10,0.2156964537043445,1.5,0.032354468055651675,3.55084745762712,0.07659052042552575
KLVL780EDF3,2016-06-14,10,1.2876381380663062,1.33333333333333,0.17168508507550706,4.01282051282051,0.5167060733522482
KLVL780EDF3,2016-06-15,10,0.3345932760119796,1.6,0.05353492416191673,4.11538461538462,0.13769800205108407
KLVL780EDF3,2016-06-16,10,0.5768701072774717,1.6,0.09229921716439547,4.11538461538462,0.23740423645649825
KLVL780EDF3,2016-06-17,10,-0.12661476390825305,3.0,-0.037984429172475916,4.72151898734177,-0.059781401187061226
KLVL780EDF3,2016-06-20,10,0.07567997066194009,1.6,0.012108795305910414,4.48314606741573,0.03392843628552146
KLVL780EDF3,2016-06-21,10,0.2600026065424215,1.5,0.03900039098136323,2.88135593220339,0.07491600527493503
KLVL780EDF3,2016-06-22,10,0.1523723368474769,1.5,0.022855850527121534,3.55084745762712,0.054105092490756644
KLVL780EDF3,2016-06-23,10,0.05660986836792383,1.5,0.008491480255188574,3.55084745762712,0.020101300717084825
KLVL780EDF3,2016-06-24,10,0.38712844162367027,1.0,0.038712844162367026,2.5,0.09678211040591757
KLVL780EDF3,2016-06-27,10,-0.19883929639822912,1.33333333333333,-0.026511906186430477,4.01282051282051,-0.07979064073416112
KLVL780EDF3,2016-06-28,10,0.48054719627848985,1.6,0.07688755140455839,4.01282051282051,0.1928349646604708
KLVL780EDF3,2016-06-29,10,0.8681736713120451,1.6,0.13890778740992724,5.2247191011236,0.4535963563596644
KLVL780EDF3,2016-06-30,10,0.33045471823624434,1.33333333333333,0.0440606290981658,4.01282051282051,0.13260554718967232
KLVL780EDF3,2016-07-01,10,0.63782816917662,1.5,0.09567422537649299,3.55084745762712,0.22648305329237614
KLVL780EDF3,2016-07-04,10,0.2853429701660985,1.0,0.02853429701660985,2.5,0.07133574254152462
KLVL780EDF3,2016-07-05,10,0.37775159878828685,0.5,0.018887579939414343,1.72602739726027,0.06520096088674525
KLVL780EDF3,2016-07-06,10,0.014510361269026188,0.333333333333333,0.00048367870896753905,2.60169491525424,0.0037751533132127494
KLVL780EDF3,2016-07-07,10,0.5151993637203645,0.666666666666667,0.03434662424802431,3.73728813559322,0.19254484694972943
KLVL780EDF3,2016-07-08,10,0.052338997272918075,0.666666666666667,0.0034892664848612067,3.73728813559322,0.019560591353692265
KLVL780EDF3,2016-07-11,10,0.4556254778568488,0.666666666666667,0.03037503185712327,3.76271186440678,0.17143873912579738
KLVL780EDF3,2016-07-12,10,0.5519872310078221,0.5,0.027599361550391104,1.69178082191781,0.09338414113625494
KLVL780EDF3,2016-07-13,10,-0.9884960038750302,0.666666666666667,-0.0658997335916687,1.50684931506849,-0.14895145263870288
KLVL780EDF3,2016-07-14,10,0.5099164017938784,0.666666666666667,0.03399442678625857,1.75342465753425,0.08940999921865284
KLVL780EDF3,2016-07-15,10,-0.11877345341481728,0.166666666666667,-0.0019795575569136253,1.14383561643836,-0.013585730630325036
KLVL780EDF3,2016-07-18,10,0.02907804432356629,0.166666666666667,0.0004846340720594391,0.821917808219178,0.002389976245772572
KLVL780EDF3,2016-07-19,10,0.09565592938251843,0.166666666666667,0.0015942654897086437,1.02739726027397,0.009827663977655979
KLVL780EDF3,2016-07-20,10,-0.1139613254382514,0.166666666666667,-0.0018993554239708603,0.904109589041096,-0.010303352710855607
KLVL780EDF3,2016-07-21,10,0.9260038928616764,0.166666666666667,0.015433398214361302,1.20547945205479,0.11162786653674961
KLVL780EDF3,2016-07-22,10,0.8178897300475645,0.166666666666667,0.013631495500792767,1.02739726027397,0.08402976678570848
KLVL780EDF3,2016-07-25,10,0.8005137622469667,0.166666666666667,0.013341896037449471,0.986301369863014,0.07895478202983783
KLVL780EDF3,2016-07-26,10,0.2668046812286112,0.166666666666667,0.004446744687143528,1.02739726027397,0.027411439852254506
KLVL780EDF3,2016-07-27,10,0.4008569489224503,0.166666666666667,0.006680949148707517,1.29452054794521,0.05189175571667354
KLVL780EDF3,2016-07-28,10,0.002196514863083931,0.166666666666667,3.6608581051398917e-05,1.0958904109589,0.0002407139575982381
KLVL780EDF3,2016-07-29,10,0.2081182444533406,0.166666666666667,0.003468637407555683,1.0958904109589,0.022807478844201624
KLVL780EDF3,2016-08-01,10,0.14878326228166222,0.166666666666667,0.0024797210380277084,0.904109589041096,0.013451637411766724
KLVL780EDF3,2016-08-02,10,-0.22563791770286926,0.5,-0.011281895885143462,0.931506849315068,-0.021018326580541237
KLVL780EDF3,2016-08-03,10,0.8804551890502911,0.166666666666667,0.014674253150838212,1.02739726027397,0.09045772490242694
KLVL780EDF3,2016-08-04,10,0.8504243698831506,0.166666666666667,0.014173739498052538,1.14383561643836,0.09727456833594975
KLVL780EDF3,2016-08-05,10,-0.10857100146284684,0.166666666666667,-0.0018095166910474508,1.26027397260274,-0.013682920732303991
KLVL780EDF3,2016-08-08,10,0.43118197180733253,0.166666666666667,0.007186366196788889,1.02739726027397,0.044299517651438164
KLVL780EDF3,2016-08-09,10,0.5657233185457142,1.0,0.056572331854571424,0.76027397260274,0.043010471478475545
KLVL780EDF3,2016-08-10,10,-0.20779892323758725,0.166666666666667,-0.0034633153872931275,0.821917808219178,-0.017079363553774294
KLVL780EDF3,2016-08-11,10,0.33448568655992245,0.0909090909090909,0.0030407789687265673,0.00529100529100529,0.00017697655373540865
KLVL780EDF3,2016-08-12,10,0.06037482998639892,0.0909090909090909,0.0005488620907854447,0.0634920634920635,0.00038333225388189794
KLVL780EDF3,2016-08-16,10,0.5974945266402898,0.181818181818182,0.010863536848005279,0.164021164021164,0.009800174775581472
KLVL780EDF3,2016-08-17,10,0.24328829789296166,0.166666666666667,0.004054804964882702,0.00485436893203883,0.00011810111548202012
KLVL780EDF3,2016-08-18,10,0.7112190657917793,0.166666666666667,0.011853651096529678,0.00485436893203883,0.00034525197368532944
KLVL780EDF3,2016-08-19,10,-0.01206185365472203,0.166666666666667,-0.00020103089424536755,0.00485436893203883,-5.8552687644281636e-06
KLVL780EDF3,2016-08-22,10,-0.020018421258916626,0.363636363636364,-0.0007279425912333326,0.232804232804233,-0.0004660373203134034
KLVL780EDF3,2016-08-23,10,-0.0471505476146278,0.363636363636364,-0.001714565367804649,0.232804232804233,-0.0010976847063722884
KLVL780EDF3,2016-08-24,10,-0.22381317148861782,0.363636363636364,-0.008138660781404291,0.232804232804233,-0.005210465367988991
KLVL780EDF3,2016-08-25,10,0.336179263949347,1.0,0.0336179263949347,1.15068493150685,0.03868364133115776
KLVL780EDF3,2016-08-26,10,0.5709941057011242,3.5,0.19984793699539347,1.60169491525424,0.09145583557416326
KLVL780EDF3,2016-08-29,10,-0.0472233502035318,1.83333333333333,-0.008657614203980814,0.844961240310078,-0.0039901900559573406
KLVL780EDF3,2016-08-30,10,0.38916825559913465,1.83333333333333,0.0713475135265079,0.844961240310078,0.03288320919403543
KLVL780EDF3,2016-08-31,10,0.04313369984793543,0.166666666666667,0.0007188949974655919,0.922480620155039,0.003979000218530478
KLVL780EDF3,2016-09-01,10,1.1220142279803904,0.166666666666667,0.01870023713300654,0.968253968253968,0.10863947286794254
KLVL780EDF3,2016-09-02,10,0.5761305678340702,0.666666666666667,0.03840870452227137,1.70802919708029,0.09840478311910386
KLVL780EDF3,2016-09-05,10,0.05182815532115208,0.666666666666667,0.0034552103547434735,3.24719101123596,0.01682959200877862
KLVL780EDF3,2016-09-06,10,-0.12008140479280062,0.666666666666667,-0.008005426986186712,3.24719101123596,-0.03899272582597689
KLVL780EDF3,2016-09-07,10,-0.05446722394917,0.666666666666667,-0.0036311482632780017,3.97752808988764,-0.021664491323602448
KLVL780EDF3,2016-09-08,10,0.5315750638879891,1.66666666666667,0.0885958439813317,4.05063291139241,0.21532154486602115
KLVL780EDF3,2016-09-09,10,-0.1053296219552323,0.666666666666667,-0.00702197479701549,3.83908045977012,-0.04043688934833061
KLVL780EDF3,2016-09-12,10,-0.1092793882614723,4.66666666666667,-0.05099704785535377,2.0241935483871,-0.02212026326905612
KLVL780EDF3,2016-09-13,10,0.03597668881044386,4.66666666666667,0.016789121444873812,2.0241935483871,0.007282378138243083
KLVL780EDF3,2016-09-19,10,0.49029647832708856,2.0,0.09805929566541771,1.46715328467153,0.07193400886404716
KLVL780EDF3,2016-09-20,10,0.2582768121115597,2.0,0.05165536242231193,1.46715328467153,0.03789316732439664
KLVL780EDF3,2016-09-21,10,-0.04277019246586605,2.0,-0.00855403849317321,1.46715328467153,-0.00627504283623289
KLVL780EDF3,2016-09-22,10,0.013447302550993318,0.333333333333333,0.00044824341836644346,2.06666666666667,0.0027791091938719568
KLVL780EDF3,2016-09-23,10,0.20515383468799048,6.0,0.12309230081279429,2.3304347826087,0.04780976321424483
KLVL780EDF3,2016-09-26,10,0.022974030186807035,1.83333333333333,0.004211905534247948,4.0,0.009189612074722815
KLVL780EDF3,2016-09-27,10,0.009011613898125524,1.83333333333333,0.0016521292146563428,4.0,0.0036046455592502096
KLVL780EDF3,2016-09-28,10,0.1931471666169666,1.83333333333333,0.035410313879777146,4.0,0.07725886664678663
KLVL780EDF3,2016-09-29,10,0.6683822035619962,1.83333333333333,0.12253673731969908,4.0,0.26735288142479846
KLVL780EDF3,2016-09-30,10,-0.12039264932848914,1.83333333333333,-0.02207198571022297,4.0,-0.048157059731395654
KLVL780EDF3,2016-10-04,10,0.026668608319984494,1.83333333333333,0.004889244858663815,3.10891089108911,0.008291032685618944
KLVL780EDF3,2016-10-05,10,-0.07024567788898992,1.83333333333333,-0.012878374279648127,3.10891089108911,-0.02183875530410182
KLVL780EDF3,2016-10-06,10,-0.06500128668236106,3.55555555555556,-0.02311156859817285,2.52252252252252,-0.01639672096491989
KLVL780EDF3,2016-10-07,10,-0.10239774862830651,2.63636363636364,-0.02699577009291721,2.08870967741936,-0.02138791685058988
KLVL780EDF3,2016-10-10,10,0.09055670337585528,2.5,0.02263917584396382,1.5472972972973,0.014011814238561415
KLVL780EDF3,2016-10-11,10,0.032803962233775456,2.5,0.008200990558443864,1.5472972972973,0.005075748210496347
KLVL780EDF3,2016-10-12,10,-0.07466329806431996,2.5,-0.01866582451607999,1.5472972972973,-0.0115526319302225
KLVL780EDF3,2016-10-13,10,0.23302980925908187,4.4,0.10253311607399603,1.21387283236994,0.028286855459194855
KLVL780EDF3,2016-10-14,10,0.48247560538377315,2.2,0.1061446331844301,1.30357142857143,0.06289414141609907
KLVL780EDF3,2016-10-17,10,-0.2232654283423648,1.11111111111111,-0.024807269815818288,1.12921348314607,-0.025211433200458107
KLVL780EDF3,2016-10-18,10,-0.05024472982796223,1.11111111111111,-0.005582747758662464,1.12921348314607,-0.005673702637876647
KLVL780EDF3,2016-10-19,10,0.8334808202839443,1.11111111111111,0.09260898003154928,1.12921348314607,0.09411777802082763
KLVL780EDF3,2016-10-20,10,0.021543501300703247,4.0,0.008617400520281298,1.01612903225806,0.002189097712813385
KLVL780EDF3,2016-10-21,10,1.071951744937527,4.2,0.4502197328737614,1.07027027027027,0.11472780837709746
KLVL780EDF3,2016-10-24,10,0.23034694773825204,3.6,0.08292490118577074,1.04651162790698,0.024106075926096218
KLVL780EDF3,2016-10-25,10,0.525939059007705,3.6,0.1893380612427738,1.04651162790698,0.055040134082201854
KLVL780EDF3,2016-10-26,10,0.40470873057578255,3.6,0.14569514300728173,1.04651162790698,0.04235323924630295
KLVL780EDF3,2016-10-27,10,-0.13542748192475412,3.4,-0.0460453438544164,0.91304347826087,-0.01236511791486886
KLVL780EDF3,2016-10-28,10,1.0594901387597049,3.4,0.36022664717829966,0.955555555555556,0.1012401688148163
KLVL780EDF3,2016-10-31,10,-0.09115421994397542,3.6,-0.03281551917983115,1.04651162790698,-0.00953939511041606
KLVL780EDF3,2016-11-01,10,-0.15726570609578408,3.6,-0.056615654194482265,1.04651162790698,-0.016458039010023965
KLVL780EDF3,2016-11-02,10,-0.05173392360519898,3.6,-0.018624212497871634,1.04651162790698,-0.005414015261009213
KLVL780EDF3,2016-11-03,10,-0.03944676559573553,4.2,-0.016567641550208925,1.07027027027027,-0.004221870047543585
KLVL780EDF3,2016-11-04,10,0.3788803525466031,2.0,0.07577607050932063,1.04812834224599,0.03971152358242473
KLVL780EDF3,2016-11-07,10,-0.4919454649995615,3.4,-0.1672614580998509,0.902702702702703,-0.04440805008374422
KLVL780EDF3,2016-11-08,10,0.10894263271572056,3.4,0.037040495123344994,0.902702702702703,0.009834280899202887
KLVL780EDF3,2016-11-09,10,0.3189547746400567,3.4,0.10844462337761929,0.902702702702703,0.028792133710751077
KLVL780EDF3,2016-11-10,10,0.5250323948639416,3.4,0.17851101425374014,0.923497267759563,0.04848659821421101
KLVL780EDF3,2016-11-11,10,0.19083242006956688,1.72727272727273,0.032961963466561606,1.0952380952381,0.020900693626666942
KLVL780EDF3,2016-11-14,10,0.10067870036101076,4.2,0.04228505415162452,1.11602209944751,0.011235965454654202
KLVL780EDF3,2016-11-15,10,0.17711592653775143,4.2,0.0743886891458556,1.11602209944751,0.01976652881802523
KLVL780EDF3,2016-11-16,10,0.1917119447205627,4.2,0.08051901678263633,1.11602209944751,0.021395476703620735
KLVL780EDF3,2016-11-17,10,-0.01220122397136375,3.42857142857143,-0.004183276790181859,1.4640522875817,-0.0017863229866571773
KLVL780EDF3,2016-11-18,10,-0.2133523356476355,2.2,-0.046937513842479815,1.28994082840237,-0.027521188858689143
KLVL780EDF3,2016-11-21,10,-0.07995328400072743,1.72727272727273,-0.01381011269103476,1.10778443113772,-0.008857100323433842
KLVL780EDF3,2016-11-22,10,0.09961463437841957,1.72727272727273,0.017206164119908864,1.10778443113772,0.01103515410778895
KLVL780EDF3,2016-11-23,10,-0.10719998494514382,1.72727272727273,-0.018516361035979416,1.10778443113772,-0.01187544743404283
KLVL780EDF3,2016-11-24,10,0.07823903613554833,3.8,0.029730833731508366,1.14634146341463,0.00896886511797746
KLVL780EDF3,2016-11-25,10,-0.9900149073214637,3.8,-0.3762056647821562,1.11042944785276,-0.10993417069029743
KLVL780EDF3,2016-11-28,10,0.17992063418306195,1.0,0.017992063418306194,1.27745664739884,0.022984081014136744
KLVL780EDF3,2016-11-29,10,0.500610398978969,1.0,0.0500610398978969,1.30635838150289,0.06539765905736819
KLVL780EDF3,2016-11-30,10,-0.02962639729639382,1.0,-0.0029626397296393823,1.27745664739884,-0.0037846438164757306
KLVL780EDF3,2016-12-01,10,-0.010034592449015493,0.2,-0.00020069184898030985,1.37349397590361,-0.0013782452279370633
KLVL780EDF3,2016-12-02,10,0.03603595289948687,0.555555555555556,0.002001997383304828,1.25842696629213,0.004534861488474735
KLVL780EDF3,2016-12-05,10,0.6797729810197247,0.142857142857143,0.009711042585996078,1.56953642384106,0.10669284536534755
KLVL780EDF3,2016-12-06,10,0.6872541048716441,3.42857142857143,0.23562997881313522,1.49668874172185,0.10286054814635173
KLVL780EDF3,2016-12-07,10,0.05780470156038364,0.142857142857143,0.0008257814508626242,1.56953642384106,0.009072658456828428
KLVL780EDF3,2016-12-08,10,-0.26606897948288405,0.333333333333333,-0.008868965982762793,1.5031847133758,-0.03999508226621707
KLVL780EDF3,2016-12-09,10,-0.004731401950793461,0.6,-0.00028388411704760764,1.51219512195122,-0.0007154802949980358
KLVL780EDF3,2016-12-12,10,-0.01871460902918547,0.3,-0.0005614382708755641,2.82142857142857,-0.005280193261805897
KLVL780EDF3,2016-12-13,10,-0.1942040928443896,0.3,-0.005826122785331688,2.5,-0.0485510232110974
KLVL780EDF3,2016-12-14,10,-0.019138011513925496,0.3,-0.0005741403454177648,2.5,-0.004784502878481374
KLVL780EDF3,2016-12-15,10,-0.19161200738128742,0.8,-0.015328960590502993,2.72268907563025,-0.05216999192566141
KLVL780EDF3,2016-12-16,10,0.15039129587166608,0.8,0.012031303669733286,2.89655172413793,0.0435616167352412
KLVL780EDF3,2016-12-19,10,0.9966650918489287,0.8,0.07973320734791431,2.00724637681159,0.20005523945083525
KLVL780EDF3,2016-12-20,10,-0.2775581579216623,0.8,-0.02220465263373298,2.07246376811594,-0.057522922583764735
KLVL780EDF3,2016-12-21,10,-0.09176501417888792,5.4,-0.04955310765659948,1.77536231884058,-0.01629161483610692
KLVL780EDF3,2016-12-22,10,0.7815143272347879,0.8,0.06252114617878304,1.99295774647887,0.1557525032446793
KLVL780EDF3,2016-12-23,10,0.29855769230769236,5.2,0.15525000000000003,1.69718309859155,0.050670706933911194
KLVL780EDF3,2016-12-26,10,-0.056664337909027376,4.4,-0.024932308679972048,1.18857142857143,-0.0067349613057586894
KLVL780EDF3,2016-12-27,10,0.9307624807752187,4.4,0.40953549154109625,1.18857142857143,0.11062776914356898
KLVL780EDF3,2016-12-28,10,0.25374977609759325,4.4,0.11164990148294104,1.18857142857143,0.03015997338759969
KLVL780EDF3,2016-12-29,10,-0.06134584996867726,2.2,-0.013496086993108997,1.27647058823529,-0.00783061731953113
KLVL780EDF3,2016-12-30,10,0.1621917756904319,4.4,0.07136438130379004,1.20114942528736,0.019481655815689867
KLVL780EDF3,2017-01-02,10,0.6049586161308643,0.8,0.04839668929046915,1.46470588235294,0.08860864436269711
KLVL780EDF3,2017-01-03,10,-0.2667230373254291,0.8,-0.02133784298603433,1.46470588235294,-0.03906708017295988
KLVL780EDF3,2017-01-04,10,0.11679325050648953,0.8,0.009343460040519164,1.41176470588235,0.01648845889503378
KLVL780EDF3,2017-01-05,10,-0.13111836523920184,0.8,-0.010489469219136148,1.97037037037037,-0.025835174187872362
KLVL780EDF3,2017-01-06,10,0.030006469660934943,0.3,0.0009001940898280483,2.49152542372881,0.007476188203656661
KLVL780EDF3,2017-01-09,10,0.29155732925140315,0.6,0.01749343975508419,3.96629213483146,0.11564015418623066
KLVL780EDF3,2017-01-10,10,0.9511915694529056,0.6,0.05707149416717433,3.96629213483146,0.3772703640639052
KLVL780EDF3,2017-01-11,10,0.14011090907446094,0.6,0.008406654544467656,3.96629213483146,0.055572079666612026
KLVL780EDF3,2017-01-12,10,-0.3092584095795885,0.222222222222222,-0.006872409101768626,6.390625,-0.19763545237195576
KLVL780EDF3,2017-01-13,10,-0.13349955893207557,0.333333333333333,-0.004449985297735848,7.57407407407408,-0.10111355482077584
KLVL780EDF3,2017-01-16,10,0.054902767958619245,0.4,0.0021961107183447698,7.69642857142857,0.04225552319672302
KLVL780EDF3,2017-01-17,10,0.7079315148519298,0.4,0.028317260594077194,7.69642857142857,0.5448544337521102
KLVL780EDF3,2017-01-18,10,0.049652905624455526,0.4,0.001986116224978221,7.69642857142857,0.03821500415025059
KLVL780EDF3,2017-01-19,10,0.07823025927845179,1.0,0.007823025927845178,10,0.07823025927845179
KLVL780EDF3,2017-01-20,10,0.041543714507314644,0.4,0.001661748580292586,7.85454545454546,0.032630699394836246
KLVL780EDF3,2017-01-23,10,-0.1622449802435287,0.222222222222222,-0.0036054440054117455,8.03333333333333,-0.13033680079563467
KLVL780EDF3,2017-01-24,10,0.14933340486601057,0.222222222222222,0.003318520108133565,8.03333333333333,0.11996450190902844
KLVL780EDF3,2017-01-25,10,-0.22207051642438352,0.222222222222222,-0.004934900364986295,8.03333333333333,-0.1783966481942547
KLVL780EDF3,2017-01-26,10,0.5959248737654841,0.181818181818182,0.010834997704826993,4.95180722891566,0.29509050978025764
KLVL780EDF3,2017-01-31,10,-0.44665974811792025,0.272727272727273,-0.01218162949412511,5.2051282051282,-0.23249212530240443
KLVL780EDF3,2017-02-01,10,-0.136367651215376,0.181818181818182,-0.002479411840279566,5.91025641025641,-0.08059677847472863
KLVL780EDF3,2017-02-02,10,0.21880559759951146,0.181818181818182,0.0039782835927183935,8.14285714285714,0.17817027233103072
KLVL780EDF3,2017-02-03,10,0.3689442869961531,0.2,0.007378885739923062,6.38356164383562,0.2355178599180924
KLVL780EDF3,2017-02-06,10,-0.01703521558114147,0.25,-0.00042588038952853677,8.13559322033898,-0.01385915843889475
KLVL780EDF3,2017-02-07,10,-0.07850056478376213,6.875,-0.05396913828883647,6.88135593220339,-0.054019032715605805
KLVL780EDF3,2017-02-08,10,-0.057030559275891235,6.875,-0.03920850950217523,6.88135593220339,-0.03924475773900312
KLVL780EDF3,2017-02-09,10,-0.07852635051260018,2.0,-0.015705270102520034,7.38983050847458,-0.05802964207371812
KLVL780EDF3,2017-02-10,10,-0.14681166158667847,2.0,-0.029362332317335694,7.38983050847458,-0.10849132957930821
KLVL780EDF3,2017-02-13,10,-0.11852136752136759,10,-0.11852136752136759,10,-0.11852136752136759
KLVL780EDF3,2017-02-14,10,-0.3017584815651247,10,-0.3017584815651247,10,-0.3017584815651247
KLVL780EDF3,2017-02-15,10,-0.11360946745562138,10,-0.11360946745562137,10,-0.11360946745562137
KLVL780EDF3,2017-02-16,10,0.18670814621540932,10,0.18670814621540932,10,0.18670814621540932
KLVL780EDF3,2017-02-17,10,0.5895166269000383,10,0.5895166269000383,10,0.5895166269000383
KLVL780EDF3,2017-02-20,10,-0.10120199355027847,10,-0.10120199355027845,10,-0.10120199355027845
KLVL780EDF3,2017-02-21,10,-0.018875461899530474,10,-0.018875461899530474,10,-0.018875461899530474
KLVL780EDF3,2017-02-22,10,-0.06563561862882265,10,-0.06563561862882265,10,-0.06563561862882265
KLVL780EDF3,2017-02-23,10,0.2554137968100147,10,0.2554137968100147,10,0.2554137968100147
KLVL780EDF3,2017-02-24,10,-0.2727543424317618,10,-0.2727543424317618,10,-0.2727543424317618
KLVL780EDF3,2017-02-27,10,-0.053189279035944316,10,-0.053189279035944316,10,-0.053189279035944316
KLVL780EDF3,2017-02-28,10,0.1432096912700199,10,0.1432096912700199,10,0.1432096912700199
KLVL780EDF3,2017-03-02,10,-0.1500321312624665,10,-0.1500321312624665,10,-0.1500321312624665
KLVL780EDF3,2017-03-03,10,-0.18060953842560934,10.0,-0.18060953842560934,10,-0.18060953842560934
KLVL780EDF3,2017-03-06,10,0.3088793045579646,10,0.3088793045579646,10,0.3088793045579646
KLVL780EDF3,2017-03-07,10,0.6685995020303127,10,0.6685995020303127,10,0.6685995020303127
KLVL780EDF3,2017-03-08,10,-0.1630102910957479,5.5,-0.08965566010266135,10,-0.1630102910957479
KLVL780EDF3,2017-03-09,10,0.3866058720333654,10,0.3866058720333654,10,0.3866058720333654
KLVL780EDF3,2017-03-10,10,0.36327604555090953,10,0.36327604555090953,10,0.36327604555090953
KLVL780EDF3,2017-03-13,10,-0.2695854657542278,10,-0.2695854657542278,10,-0.2695854657542278
KLVL780EDF3,2017-03-14,10,0.08432220103872189,10,0.08432220103872189,10,0.08432220103872189
KLVL780EDF3,2017-03-15,10,-0.12656613951207543,10,-0.12656613951207543,10,-0.12656613951207543
KLVL780EDF3,2017-03-16,10,-0.14289693136949724,10,-0.14289693136949724,10,-0.14289693136949724
KLVL780EDF3,2017-03-17,10,0.33663222824380146,10,0.33663222824380146,10,0.33663222824380146
KLVL780EDF3,2017-03-20,10,0.1409802078059833,7.5,0.10573515585448748,10,0.1409802078059833
KLVL780EDF3,2017-03-21,10,0.12907503415000451,7.5,0.09680627561250339,10,0.12907503415000451
KLVL780EDF3,2017-03-22,10,-0.3469254165036841,7.5,-0.2601940623777631,10,-0.3469254165036841
KLVL780EDF3,2017-03-23,10,0.478059917140964,7.5,0.358544937855723,10,0.47805991714096396
KLVL780EDF3,2017-03-24,10,-0.15192944650624535,7.5,-0.11394708487968401,10,-0.15192944650624535
KLVL780EDF3,2017-03-27,10,0.5783421665650453,10,0.5783421665650453,10,0.5783421665650453
KLVL780EDF3,2017-03-28,10,-0.1806613203070916,10,-0.1806613203070916,10,-0.1806613203070916
KLVL780EDF3,2017-03-29,10,-0.17865615107605917,10,-0.17865615107605917,10,-0.17865615107605917
KLVL780EDF3,2017-03-30,10,-0.18135464113047395,10,-0.18135464113047395,10,-0.18135464113047395
KLVL780EDF3,2017-03-31,10,-0.4532885686973957,5.0,-0.22664428434869785,10,-0.4532885686973957
KLVL780EDF3,2017-04-03,10,-0.2205280657148445,10,-0.2205280657148445,10,-0.2205280657148445
KLVL780EDF3,2017-04-04,10,0.0060443678930833895,10,0.0060443678930833895,10,0.0060443678930833895
KLVL780EDF3,2017-04-05,10,0.7658285586248839,10,0.7658285586248839,10,0.7658285586248839
KLVL780EDF3,2017-04-06,10,-0.055585726607673316,10,-0.055585726607673316,10,-0.055585726607673316
KLVL780EDF3,2017-04-07,10,0.24377335493079724,10,0.24377335493079727,10,0.24377335493079727
KLVL780EDF3,2017-04-10,10,-0.15888501742160288,10,-0.15888501742160288,10,-0.15888501742160288
KLVL780EDF3,2017-04-11,10,-0.15592077876332894,10,-0.15592077876332894,10,-0.15592077876332894
KLVL780EDF3,2017-04-12,10,-0.08901466426550042,10,-0.08901466426550042,10,-0.08901466426550042
KLVL780EDF3,2017-04-13,10,-0.12895783931514013,10,-0.12895783931514013,10,-0.12895783931514013
KLVL780EDF3,2017-04-14,10,-0.016729102689840302,10,-0.016729102689840302,10,-0.016729102689840302
KLVL780EDF3,2017-04-17,10,0.48743455497382204,10,0.48743455497382204,10,0.48743455497382204
KLVL780EDF3,2017-04-18,10,0.1991559890149715,10,0.1991559890149715,10,0.1991559890149715
KLVL780EDF3,2017-04-19,10,0.12939655868810068,0.714285714285714,0.00924261133486433,10,0.12939655868810068
KLVL780EDF3,2017-04-20,10,-0.04261128846683639,4.88888888888889,-0.020832185472675575,9.58536585365854,-0.04084447894504076
KLVL780EDF3,Total,2480,45.04458578515,764.1308802308803,8.696366494365623,1002.7464390244869,12.757024667439252
